array_size	array_index	job_id	atoms	temperature_K	volume_scale	seed
8	0	zrc8_T1500_v100_s17	8	1500	1.0	17
8	1	zrc8_T1500_v100_s42	8	1500	1.0	42
8	2	zrc8_T1500_v100_s2026	8	1500	1.0	2026
8	3	zrc8_T1500_v095_s17	8	1500	0.95	17
8	4	zrc8_T1500_v095_s42	8	1500	0.95	42
8	5	zrc8_T1500_v095_s2026	8	1500	0.95	2026
8	6	zrc8_T1500_v105_s17	8	1500	1.05	17
8	7	zrc8_T1500_v105_s42	8	1500	1.05	42
8	8	zrc8_T1500_v105_s2026	8	1500	1.05	2026
8	9	zrc8_T3000_v100_s17	8	3000	1.0	17
8	10	zrc8_T3000_v100_s42	8	3000	1.0	42
8	11	zrc8_T3000_v100_s2026	8	3000	1.0	2026
8	12	zrc8_T3000_v095_s17	8	3000	0.95	17
8	13	zrc8_T3000_v095_s42	8	3000	0.95	42
8	14	zrc8_T3000_v095_s2026	8	3000	0.95	2026
8	15	zrc8_T3000_v105_s17	8	3000	1.05	17
8	16	zrc8_T3000_v105_s42	8	3000	1.05	42
8	17	zrc8_T3000_v105_s2026	8	3000	1.05	2026
8	18	zrc8_T4500_v100_s17	8	4500	1.0	17
8	19	zrc8_T4500_v100_s42	8	4500	1.0	42
8	20	zrc8_T4500_v100_s2026	8	4500	1.0	2026
8	21	zrc8_T4500_v095_s17	8	4500	0.95	17
8	22	zrc8_T4500_v095_s42	8	4500	0.95	42
8	23	zrc8_T4500_v095_s2026	8	4500	0.95	2026
8	24	zrc8_T4500_v105_s17	8	4500	1.05	17
8	25	zrc8_T4500_v105_s42	8	4500	1.05	42
8	26	zrc8_T4500_v105_s2026	8	4500	1.05	2026
8	27	zrc8_T5250_v100_s17	8	5250	1.0	17
8	28	zrc8_T5250_v100_s42	8	5250	1.0	42
8	29	zrc8_T5250_v100_s2026	8	5250	1.0	2026
8	30	zrc8_T5250_v095_s17	8	5250	0.95	17
8	31	zrc8_T5250_v095_s42	8	5250	0.95	42
8	32	zrc8_T5250_v095_s2026	8	5250	0.95	2026
8	33	zrc8_T5250_v105_s17	8	5250	1.05	17
8	34	zrc8_T5250_v105_s42	8	5250	1.05	42
8	35	zrc8_T5250_v105_s2026	8	5250	1.05	2026
8	36	zrc8_T6000_v100_s17	8	6000	1.0	17
8	37	zrc8_T6000_v100_s42	8	6000	1.0	42
8	38	zrc8_T6000_v100_s2026	8	6000	1.0	2026
8	39	zrc8_T6000_v095_s17	8	6000	0.95	17
8	40	zrc8_T6000_v095_s42	8	6000	0.95	42
8	41	zrc8_T6000_v095_s2026	8	6000	0.95	2026
8	42	zrc8_T6000_v105_s17	8	6000	1.05	17
8	43	zrc8_T6000_v105_s42	8	6000	1.05	42
8	44	zrc8_T6000_v105_s2026	8	6000	1.05	2026
64	0	zrc64_T1500_v100_s17	64	1500	1.0	17
64	1	zrc64_T1500_v100_s42	64	1500	1.0	42
64	2	zrc64_T1500_v100_s2026	64	1500	1.0	2026
64	3	zrc64_T1500_v095_s17	64	1500	0.95	17
64	4	zrc64_T1500_v095_s42	64	1500	0.95	42
64	5	zrc64_T1500_v095_s2026	64	1500	0.95	2026
64	6	zrc64_T1500_v105_s17	64	1500	1.05	17
64	7	zrc64_T1500_v105_s42	64	1500	1.05	42
64	8	zrc64_T1500_v105_s2026	64	1500	1.05	2026
64	9	zrc64_T3000_v100_s17	64	3000	1.0	17
64	10	zrc64_T3000_v100_s42	64	3000	1.0	42
64	11	zrc64_T3000_v100_s2026	64	3000	1.0	2026
64	12	zrc64_T3000_v095_s17	64	3000	0.95	17
64	13	zrc64_T3000_v095_s42	64	3000	0.95	42
64	14	zrc64_T3000_v095_s2026	64	3000	0.95	2026
64	15	zrc64_T3000_v105_s17	64	3000	1.05	17
64	16	zrc64_T3000_v105_s42	64	3000	1.05	42
64	17	zrc64_T3000_v105_s2026	64	3000	1.05	2026
64	18	zrc64_T4500_v100_s17	64	4500	1.0	17
64	19	zrc64_T4500_v100_s42	64	4500	1.0	42
64	20	zrc64_T4500_v100_s2026	64	4500	1.0	2026
64	21	zrc64_T4500_v095_s17	64	4500	0.95	17
64	22	zrc64_T4500_v095_s42	64	4500	0.95	42
64	23	zrc64_T4500_v095_s2026	64	4500	0.95	2026
64	24	zrc64_T4500_v105_s17	64	4500	1.05	17
64	25	zrc64_T4500_v105_s42	64	4500	1.05	42
64	26	zrc64_T4500_v105_s2026	64	4500	1.05	2026
64	27	zrc64_T5250_v100_s17	64	5250	1.0	17
64	28	zrc64_T5250_v100_s42	64	5250	1.0	42
64	29	zrc64_T5250_v100_s2026	64	5250	1.0	2026
64	30	zrc64_T5250_v095_s17	64	5250	0.95	17
64	31	zrc64_T5250_v095_s42	64	5250	0.95	42
64	32	zrc64_T5250_v095_s2026	64	5250	0.95	2026
64	33	zrc64_T5250_v105_s17	64	5250	1.05	17
64	34	zrc64_T5250_v105_s42	64	5250	1.05	42
64	35	zrc64_T5250_v105_s2026	64	5250	1.05	2026
64	36	zrc64_T6000_v100_s17	64	6000	1.0	17
64	37	zrc64_T6000_v100_s42	64	6000	1.0	42
64	38	zrc64_T6000_v100_s2026	64	6000	1.0	2026
64	39	zrc64_T6000_v095_s17	64	6000	0.95	17
64	40	zrc64_T6000_v095_s42	64	6000	0.95	42
64	41	zrc64_T6000_v095_s2026	64	6000	0.95	2026
64	42	zrc64_T6000_v105_s17	64	6000	1.05	17
64	43	zrc64_T6000_v105_s42	64	6000	1.05	42
64	44	zrc64_T6000_v105_s2026	64	6000	1.05	2026
216	0	zrc216_T0300_v100_s17	216	300	1.0	17
216	1	zrc216_T0300_v100_s42	216	300	1.0	42
216	2	zrc216_T0300_v100_s2026	216	300	1.0	2026
216	3	zrc216_T0300_v095_s17	216	300	0.95	17
216	4	zrc216_T0300_v095_s42	216	300	0.95	42
216	5	zrc216_T0300_v095_s2026	216	300	0.95	2026
216	6	zrc216_T0300_v105_s17	216	300	1.05	17
216	7	zrc216_T0300_v105_s42	216	300	1.05	42
216	8	zrc216_T0300_v105_s2026	216	300	1.05	2026
216	9	zrc216_T1500_v100_s17	216	1500	1.0	17
216	10	zrc216_T1500_v100_s42	216	1500	1.0	42
216	11	zrc216_T1500_v100_s2026	216	1500	1.0	2026
216	12	zrc216_T1500_v095_s17	216	1500	0.95	17
216	13	zrc216_T1500_v095_s42	216	1500	0.95	42
216	14	zrc216_T1500_v095_s2026	216	1500	0.95	2026
216	15	zrc216_T1500_v105_s17	216	1500	1.05	17
216	16	zrc216_T1500_v105_s42	216	1500	1.05	42
216	17	zrc216_T1500_v105_s2026	216	1500	1.05	2026
216	18	zrc216_T3000_v100_s17	216	3000	1.0	17
216	19	zrc216_T3000_v100_s42	216	3000	1.0	42
216	20	zrc216_T3000_v100_s2026	216	3000	1.0	2026
216	21	zrc216_T3000_v095_s17	216	3000	0.95	17
216	22	zrc216_T3000_v095_s42	216	3000	0.95	42
216	23	zrc216_T3000_v095_s2026	216	3000	0.95	2026
216	24	zrc216_T3000_v105_s17	216	3000	1.05	17
216	25	zrc216_T3000_v105_s42	216	3000	1.05	42
216	26	zrc216_T3000_v105_s2026	216	3000	1.05	2026
216	27	zrc216_T4500_v100_s17	216	4500	1.0	17
216	28	zrc216_T4500_v100_s42	216	4500	1.0	42
216	29	zrc216_T4500_v100_s2026	216	4500	1.0	2026
216	30	zrc216_T4500_v095_s17	216	4500	0.95	17
216	31	zrc216_T4500_v095_s42	216	4500	0.95	42
216	32	zrc216_T4500_v095_s2026	216	4500	0.95	2026
216	33	zrc216_T4500_v105_s17	216	4500	1.05	17
216	34	zrc216_T4500_v105_s42	216	4500	1.05	42
216	35	zrc216_T4500_v105_s2026	216	4500	1.05	2026
216	36	zrc216_T5250_v100_s17	216	5250	1.0	17
216	37	zrc216_T5250_v100_s42	216	5250	1.0	42
216	38	zrc216_T5250_v100_s2026	216	5250	1.0	2026
216	39	zrc216_T5250_v095_s17	216	5250	0.95	17
216	40	zrc216_T5250_v095_s42	216	5250	0.95	42
216	41	zrc216_T5250_v095_s2026	216	5250	0.95	2026
216	42	zrc216_T5250_v105_s17	216	5250	1.05	17
216	43	zrc216_T5250_v105_s42	216	5250	1.05	42
216	44	zrc216_T5250_v105_s2026	216	5250	1.05	2026
216	45	zrc216_T6000_v100_s17	216	6000	1.0	17
216	46	zrc216_T6000_v100_s42	216	6000	1.0	42
216	47	zrc216_T6000_v100_s2026	216	6000	1.0	2026
216	48	zrc216_T6000_v095_s17	216	6000	0.95	17
216	49	zrc216_T6000_v095_s42	216	6000	0.95	42
216	50	zrc216_T6000_v095_s2026	216	6000	0.95	2026
216	51	zrc216_T6000_v105_s17	216	6000	1.05	17
216	52	zrc216_T6000_v105_s42	216	6000	1.05	42
216	53	zrc216_T6000_v105_s2026	216	6000	1.05	2026
