structure_id,temperature_K,volume_scale,absolute_energy_difference_meV_atom,relative_energy_meV_atom,force_component_RMS_eV_A,force_component_max_eV_A,stress_component_max_GPa,force_vector_max_eV_A,pressure_difference_GPa,k6_wall_hours,k7_wall_hours,k7_over_k6_wall_ratio,all_budgets_pass
01_zrc64_T0300_v100_s17_f0085,300,1.0,0.1668717187488511,0.0,0.0016834096630167015,0.004975309999999955,0.00656101299999996,0.005549129022837688,-0.0025941829999998056,2.701490277777778,4.177254722222222,1.546277903194379,True
02_zrc64_T0300_v095_s17_f0165,300,0.95,0.14987109375041996,-0.017000624998431135,0.0019003780962194362,0.005937749999999964,0.005455954000001384,0.006192231281937082,-0.0002589609999965603,2.419811388888889,3.709321388888889,1.532896905073295,True
03_zrc64_T0300_v105_s17_f0100,300,1.05,0.19506078124997828,0.028189062501127182,0.0011193655540809794,0.0027463100000000296,0.004419534999999542,0.003026633337637722,-0.002138826666666205,2.9167377777777777,4.483849444444444,1.5372823291165474,True
04_zrc64_T1500_v100_s17_f0085,1500,1.0,0.09482546875005937,-0.07204624999879172,0.0015369702906833354,0.004338700000000362,0.01198093699999987,0.00455348150416833,0.0005849490000020552,2.863344166666667,4.392375555555556,1.5340019571132781,True
05_zrc64_T1500_v095_s17_f0180,1500,0.95,0.08412624999998286,-0.08274546874886823,0.0016789803004500837,0.004470880000000066,0.008523067999999513,0.00467423764317782,0.001316760666657757,2.377073333333333,3.637403888888889,1.5302026394735637,True
06_zrc64_T1500_v105_s17_f0190,1500,1.05,0.04318031249894716,-0.12369140624990393,0.0015551310155277119,0.003950169999999975,0.0036443910000000025,0.0055737536052197665,0.001167166999999969,3.08431,4.733336388888889,1.5346500153645024,True
07_zrc64_T3000_v100_s17_f0045,3000,1.0,0.022317656249271067,-0.14455406249958003,0.0012744045933665363,0.0043427399999997895,0.00862327700000094,0.004831907923936311,0.000901418333333126,2.566020277777778,4.252015555555555,1.657046747595417,True
08_zrc64_T3000_v095_s17_f0030,3000,0.95,-0.00717703124841762,-0.17404874999726871,0.0016773597029036444,0.0051825299999999075,0.00784163199999739,0.005516539632468924,5.406566667076618e-05,2.4795194444444446,3.782526111111111,1.5255077428758035,True
09_zrc64_T3000_v105_s17_f0005,3000,1.05,0.0026117187488239324,-0.16426000000002716,0.0011221218176122618,0.002901980000000002,0.0033439819999998123,0.004050326618200041,0.0006101036666668058,3.2192347222222226,4.958656666666667,1.5403215653823867,True
10_zrc64_T4500_v100_s17_f0005,4500,1.0,0.00528125000087698,-0.16159046874797411,0.0004208602967626699,0.0014741400000000127,0.001562143000001015,0.0017352138013512742,0.0003128606666642497,2.8141316666666665,4.290058055555556,1.5244695571181717,True
11_zrc64_T4500_v095_s17_f0085,4500,0.95,0.009907968749445217,-0.15696374999940588,0.000795731380022894,0.004113779999999956,0.006771012999996629,0.0041775191405903946,0.0008679773333213348,2.5961041666666667,3.9552383333333334,1.5235283638143693,True
12_zrc64_T4500_v105_s17_f0010,4500,1.05,0.002469062499343977,-0.16440265624950712,0.000393314729063022,0.001272849999999881,0.0018991139999997133,0.0014494122160724537,0.0004993930000001257,3.356011111111111,5.215610555555556,1.5541100380411932,True
13_zrc64_T5250_v100_s17_f0080,5250,1.0,0.005581250000830096,-0.161290468748021,0.00031562506279210077,0.0011061199999999952,0.0007049529999999749,0.0011063682435789599,0.00010121733333789962,3.122382222222222,4.8377511111111104,1.549378252502363,True
14_zrc64_T5250_v095_s17_f0140,5250,0.95,0.0005657812511827842,-0.1663059374976683,0.00029544224651269804,0.0008801199999997067,0.0008857400000010784,0.0010166289909793308,-0.00010798233333275675,2.9256444444444445,4.523235833333334,1.5460647796496878,True
15_zrc64_T5250_v105_s17_f0055,5250,1.05,0.0020225000003648574,-0.16484921874848624,0.0002362763058789291,0.0007315200000004296,0.00040146600000028347,0.0007597214253265694,7.688366666513957e-05,3.599626666666667,5.497356388888889,1.527201817842838,True
16_zrc64_T6000_v100_s17_f0115,6000,1.0,0.004197656251037074,-0.16267406249781402,0.00027826431412903156,0.0008409799999999912,0.0007036119999995095,0.0010816276053244788,-2.398433333539174e-05,3.1879005555555553,4.893458611111112,1.5350098053037695,True
17_zrc64_T6000_v095_s17_f0175,6000,0.95,-0.006491718750112341,-0.17336343749896344,0.00039953256404228897,0.0013310500000001113,0.0008867699999996148,0.001362118388760786,-0.00032847133332580825,2.9331186111111114,4.495393333333333,1.532632644416111,True
18_zrc64_T6000_v105_s17_f0065,6000,1.05,-0.0036121874984473834,-0.17048390624729848,0.00030457896792983677,0.0009059099999997322,0.0007083029999989777,0.0011265699198007978,4.208300000030363e-05,3.5115991666666666,5.394615000000001,1.5362274405369445,True
