array_index	job_id	atoms	temperature_K	volume_scale	seed
0	zrc216_T0300_v100_s17	216	300	1.0	17
1	zrc216_T0300_v100_s42	216	300	1.0	42
2	zrc216_T0300_v100_s2026	216	300	1.0	2026
3	zrc216_T0300_v095_s17	216	300	0.95	17
4	zrc216_T0300_v095_s42	216	300	0.95	42
5	zrc216_T0300_v095_s2026	216	300	0.95	2026
6	zrc216_T0300_v105_s17	216	300	1.05	17
7	zrc216_T0300_v105_s42	216	300	1.05	42
8	zrc216_T0300_v105_s2026	216	300	1.05	2026
9	zrc216_T1500_v100_s17	216	1500	1.0	17
10	zrc216_T1500_v100_s42	216	1500	1.0	42
11	zrc216_T1500_v100_s2026	216	1500	1.0	2026
12	zrc216_T1500_v095_s17	216	1500	0.95	17
13	zrc216_T1500_v095_s42	216	1500	0.95	42
14	zrc216_T1500_v095_s2026	216	1500	0.95	2026
15	zrc216_T1500_v105_s17	216	1500	1.05	17
16	zrc216_T1500_v105_s42	216	1500	1.05	42
17	zrc216_T1500_v105_s2026	216	1500	1.05	2026
18	zrc216_T3000_v100_s17	216	3000	1.0	17
19	zrc216_T3000_v100_s42	216	3000	1.0	42
20	zrc216_T3000_v100_s2026	216	3000	1.0	2026
21	zrc216_T3000_v095_s17	216	3000	0.95	17
22	zrc216_T3000_v095_s42	216	3000	0.95	42
23	zrc216_T3000_v095_s2026	216	3000	0.95	2026
24	zrc216_T3000_v105_s17	216	3000	1.05	17
25	zrc216_T3000_v105_s42	216	3000	1.05	42
26	zrc216_T3000_v105_s2026	216	3000	1.05	2026
27	zrc216_T4500_v100_s17	216	4500	1.0	17
28	zrc216_T4500_v100_s42	216	4500	1.0	42
29	zrc216_T4500_v100_s2026	216	4500	1.0	2026
30	zrc216_T4500_v095_s17	216	4500	0.95	17
31	zrc216_T4500_v095_s42	216	4500	0.95	42
32	zrc216_T4500_v095_s2026	216	4500	0.95	2026
33	zrc216_T4500_v105_s17	216	4500	1.05	17
34	zrc216_T4500_v105_s42	216	4500	1.05	42
35	zrc216_T4500_v105_s2026	216	4500	1.05	2026
36	zrc216_T5250_v100_s17	216	5250	1.0	17
37	zrc216_T5250_v100_s42	216	5250	1.0	42
38	zrc216_T5250_v100_s2026	216	5250	1.0	2026
39	zrc216_T5250_v095_s17	216	5250	0.95	17
40	zrc216_T5250_v095_s42	216	5250	0.95	42
41	zrc216_T5250_v095_s2026	216	5250	0.95	2026
42	zrc216_T5250_v105_s17	216	5250	1.05	17
43	zrc216_T5250_v105_s42	216	5250	1.05	42
44	zrc216_T5250_v105_s2026	216	5250	1.05	2026
45	zrc216_T6000_v100_s17	216	6000	1.0	17
46	zrc216_T6000_v100_s42	216	6000	1.0	42
47	zrc216_T6000_v100_s2026	216	6000	1.0	2026
48	zrc216_T6000_v095_s17	216	6000	0.95	17
49	zrc216_T6000_v095_s42	216	6000	0.95	42
50	zrc216_T6000_v095_s2026	216	6000	0.95	2026
51	zrc216_T6000_v105_s17	216	6000	1.05	17
52	zrc216_T6000_v105_s42	216	6000	1.05	42
53	zrc216_T6000_v105_s2026	216	6000	1.05	2026
