structure_id,kmesh,target_temperature_K,volume_scale,mace_energy_eV,force_component_RMSE_eV_A,force_component_MAE_eV_A,force_component_max_abs_eV_A,force_vector_max_error_eV_A,mace_force_component_RMS_eV_A,dft_force_component_RMS_eV_A,force_relative_RMSE,stress_6_component_RMSE_GPa,stress_component_max_abs_GPa,mace_potential_pressure_GPa,dft_static_pressure_GPa,mace_minus_DFT_pressure_GPa,DFT_TOTEN_minus_sigma0_meV_atom,DFT_e_fr_energy_eV,raw_mace_minus_DFT_e_fr_energy_meV_atom,reference01_aligned_mace_minus_DFT_e_fr_energy_meV_atom,DFT_e_wo_entrp_eV,raw_mace_minus_DFT_e_wo_entrp_meV_atom,reference01_aligned_mace_minus_DFT_e_wo_entrp_meV_atom,DFT_e_0_energy_eV,raw_mace_minus_DFT_e_0_energy_meV_atom,reference01_aligned_mace_minus_DFT_e_0_energy_meV_atom,Zr_force_component_RMSE_eV_A,C_force_component_RMSE_eV_A,stress_error_xx_GPa,stress_error_yy_GPa,stress_error_zz_GPa,stress_error_yz_GPa,stress_error_xz_GPa,stress_error_xy_GPa
01_zrc64_T0300_v100_s17_f0085,6,300,1.0,-618.9817504882812,0.03459859482605481,0.026519048072916666,0.12202332000000005,0.1336686802057461,0.6113095135353864,0.6235919782095444,0.055482745184430055,0.9368382039881181,1.3394072812272484,1.2964882341823305,2.621122622,-1.3246343878176696,-0.41622203124980217,-620.15310607,18.30243096435602,0.0,-620.09982964,17.469986745606292,0.0,-620.12646786,17.886208933106218,0.0,0.041487039604381624,0.025941300521359453,1.30510221148308,1.3293936707426801,1.3394072812272484,0.011869431067542298,0.009928877703254603,-0.03412151037821858
01_zrc64_T0300_v100_s17_f0085,7,300,1.0,-618.9817504882812,0.035569762552844456,0.027370221666666666,0.12526167,0.1383131191884819,0.6113095135353864,0.6241664948704504,0.05698761924128462,0.9386520181730075,1.3375847992272487,1.2964882341823305,2.623716805,-1.3272285708176694,-0.40416781249952294,-620.16378586,18.46930268310487,0.0,-620.11205238,17.660967058105825,0.0,-620.13791912,18.06513487060535,0.0,0.042503877809007495,0.026904207613836745,1.3116632244830797,1.3324376887426803,1.3375847992272487,0.010450812067542295,0.011609230703254612,-0.03432156237821859
02_zrc64_T0300_v095_s17_f0165,6,300,0.95,-617.14697265625,0.029125050815719762,0.02223115458333334,0.10417567999999999,0.11887064993048915,0.708759517131885,0.7111679228049596,0.04095383084890264,0.34451645948232235,0.5018111122081415,15.337285319829434,15.82299966966667,-0.48571434983723627,-0.36422749999864834,-618.03268033,13.839182402342942,-4.463248562013078,-617.98605921,13.11072740234387,-4.359259343262423,-618.00936977,13.474954902344294,-4.411254030761924,0.036695462116997854,0.018707758552442666,0.4622388146161942,0.49309312268735717,0.5018111122081415,-0.04650485043771328,-0.0018127241159048096,-0.03692717600261296
02_zrc64_T0300_v095_s17_f0165,7,300,0.95,-617.14697265625,0.02970609671354741,0.022751111354166673,0.10899316999999997,0.12379216685473679,0.708759517131885,0.711779894109303,0.04173494778286847,0.3446445532450086,0.5012464912081445,15.337285319829434,15.823258630666666,-0.48597331083723283,-0.3802759375002296,-618.04227208,13.989053496093362,-4.480249187011509,-617.99359675,13.228501464844555,-4.43246559326127,-618.01793442,13.608777558593133,-4.456357312012216,0.03741757482206853,0.01910050937394518,0.4676947686161945,0.48897867268735773,0.5012464912081445,-0.04536448643771328,-0.0005895151159048095,-0.03917065800261295
03_zrc64_T0300_v105_s17_f0100,6,300,1.05,-617.9459838867188,0.031912185203657156,0.024186245677083332,0.10343593999999989,0.11197518576214274,0.5468153933153171,0.5579800612455141,0.05719233969117694,1.1157793244257488,1.5969483684710148,-9.174518806100531,-7.596646331666666,-1.5778724744338648,-0.46628999999853704,-619.56422256,25.284979270018937,6.982548305662917,-619.50453744,24.352399270020086,6.882412524413795,-619.53438,24.8186892700204,6.932480336914182,0.038191759119221576,0.024045054882956402,1.5969483684710148,1.5643062040765887,1.5723628507539873,0.00034721085872932433,-0.00019734665222220782,-0.012566594162831781
03_zrc64_T0300_v105_s17_f0100,7,300,1.05,-617.9459838867188,0.032432735086993056,0.024606799999999998,0.10543991999999991,0.11417274732155691,0.5468153933153171,0.5582974163675717,0.058092217760936225,1.1173082654512192,1.6013679034710142,-9.174518806100531,-7.594507505,-1.580011301100531,-0.42654906249950386,-619.57670645,25.480040051268915,7.010737368164044,-619.52210816,24.626941770019783,6.965974711913958,-619.54940731,25.05349098876941,6.988356118164063,0.03869403243582891,0.02462796102606063,1.6013679034710142,1.5662974310765891,1.572368568753988,0.001118382858729311,-0.0008146456522222095,-0.015966370162831776
04_zrc64_T1500_v100_s17_f0085,6,1500,1.0,-607.32080078125,0.07132920535135756,0.05574739083333333,0.24316874999999993,0.25355129036037516,1.4344676438894848,1.4339548968296516,0.049742990877230636,0.6849376151590131,1.0592720326964988,6.0654564907995026,7.006098357666668,-0.9406418668671659,-0.3795542187496892,-608.52890947,18.876698261719227,0.5742672973632068,-608.48032653,18.117589824218072,0.6476030786117803,-608.504618,18.497144042969538,0.6109351098633198,0.07501333436496108,0.06744413050490622,1.0296820518113314,0.732971516093663,1.0592720326964988,0.04961191210637664,-0.14113656305780886,-0.27001247790364846
04_zrc64_T1500_v100_s17_f0085,7,1500,1.0,-607.32080078125,0.07141263748770774,0.055883246822916656,0.24430182,0.25523551704077785,1.4344676438894848,1.4345119465963565,0.04978183531837944,0.6835935676650918,1.052028762696498,6.0654564907995026,7.005513408666666,-0.9400569178671638,-0.35114406250080776,-608.5349783,18.971523730469286,0.5022210473644151,-608.49003187,18.26923576171957,0.6082687036137457,-608.51250508,18.62037966796848,0.5552447973631303,0.07520411763888417,0.06740823596607756,1.023189537811331,0.7449524530936618,1.052028762696498,0.05142444610637667,-0.14079920205780883,-0.26962307090364845
05_zrc64_T1500_v095_s17_f0180,6,1500,0.95,-605.7518920898438,0.08209356625210927,0.06584976203125,0.2548102499999998,0.29936754140526556,1.7160530432021928,1.7069198394445184,0.048094564463451846,0.13708767664069993,0.22169760536321093,20.885323827932194,20.911241847666663,-0.025918019734469055,-0.343667968749628,-606.60517695,13.332575939941194,-4.9698550244148265,-606.56118746,12.645240158692062,-4.82474658691423,-606.5831822,12.988907971191566,-4.897300961914652,0.09417619164035652,0.06789368282909503,-0.22169760536321093,0.12392980706680135,0.1755218574998274,-0.09282940332542625,-0.03583310504658675,-0.08683622065618657
05_zrc64_T1500_v095_s17_f0180,7,1500,0.95,-605.7518920898438,0.08234235375149761,0.066143145625,0.2538345399999997,0.3005063579112776,1.7160530432021928,1.7073020438394078,0.048229517470924375,0.139538128535159,0.23022067336320973,20.885323827932194,20.909925087000005,-0.0246012590678113,-0.33923203124963663,-606.61056103,13.416702189941176,-5.052600493163695,-606.56713934,12.738238283692027,-4.922728774413798,-606.58885018,13.07747015869154,-4.9876647119138084,0.09449753602323491,0.06804955641450551,-0.23022067336320973,0.13149290706680006,0.1725315434998258,-0.09100557332542622,-0.031127798046586753,-0.08669085965618656
06_zrc64_T1500_v105_s17_f0190,6,1500,1.05,-605.8416137695312,0.07697175864711674,0.05661548020833332,0.28813296999999993,0.30321188737062765,1.554283180595533,1.5702059252595686,0.04902016825238552,0.924381753616122,1.4643203491173744,-2.4831151083584757,-1.1911898476666667,-1.291925260691809,-0.3483440625000611,-607.2195973,21.53099266357472,3.2285616992187016,-607.17500926,20.8343045385746,3.3643177929683077,-607.19730328,21.18264860107466,3.2964396679684427,0.0916421024885302,0.058745453525713004,1.02012372740183,1.3913317055562224,1.4643203491173744,0.039268534148631844,0.06749181062824536,0.010108278835731982
06_zrc64_T1500_v105_s17_f0190,7,1500,1.05,-605.8416137695312,0.07734500518188255,0.05704150072916666,0.28689407,0.3018470403790645,1.554283180595533,1.5708062309096134,0.04923904913281,0.9233388231619756,1.4620047171173733,-2.4831151083584757,-1.1923570146666667,-1.290758093691809,-0.3239842187490183,-607.22236084,21.57417297607367,3.1048702929687977,-607.18089087,20.92620469482398,3.2652376367181546,-607.20162585,21.25018875732465,3.1850538867193023,0.09201779000447681,0.05913734840067556,1.02244029540183,1.3878292685562226,1.4620047171173733,0.03907650214863185,0.06855184962824536,0.013752666835731966
07_zrc64_T3000_v100_s17_f0045,6,3000,1.0,-592.9275512695312,0.14350003991915403,0.11179258302083334,0.43011945000000007,0.4567492358584096,2.0927691927832703,2.1150488346186624,0.06784715207061717,0.5739459589020953,1.0389342255647236,12.353507331306533,13.017816004000002,-0.664308672693469,-0.3410556250003083,-593.75532174,12.93391360107421,-5.368517363281811,-593.71166662,12.251802351073593,-5.218184394532699,-593.73349418,12.592857976073901,-5.293350957032317,0.16714658816119163,0.11509361832730167,0.11553350260452255,1.0389342255647236,0.8384582899111521,-0.07432977038841737,-0.12775075200628871,-0.3986150948490692
07_zrc64_T3000_v100_s17_f0045,7,3000,1.0,-592.9275512695312,0.14361087949251528,0.11182269916666669,0.43183448000000013,0.45628186157977435,2.0927691927832703,2.115466104456313,0.06788616427840337,0.5743449589506312,1.0341766535647245,12.353507331306533,13.016914585666669,-0.6634072543601359,-0.3296495312490322,-593.75675007,12.95623125732348,-5.513071425781391,-593.71455493,12.29693219482364,-5.3640348632821855,-593.7356525,12.626581726074448,-5.4385531445309,0.16728994814895037,0.11516181079485065,0.10896354260452235,1.0341766535647245,0.8470815669111555,-0.07490747238841744,-0.12888897800628873,-0.3975772978490692
08_zrc64_T3000_v095_s17_f0030,6,3000,0.95,-589.564453125,0.14356587388758635,0.11341401052083332,0.4642045999999995,0.48088043546299697,2.3858945036757833,2.3980232218305484,0.05986842520148504,0.35554639830968704,0.7189271003924205,27.280438931305863,26.843843735333337,0.43659519597252583,-0.4093181249995581,-590.11866555,8.659569140624157,-9.642861823731863,-590.06627284,7.840933046875165,-9.629053698731127,-590.09246919,8.250251015624599,-9.635957917481619,0.1558050223260755,0.13018108659933603,-0.2663752495131426,-0.32448323801203216,-0.7189271003924205,0.04413964717276164,0.2197269607233429,-0.12308485447882966
08_zrc64_T3000_v095_s17_f0030,7,3000,0.95,-589.564453125,0.14384199233110517,0.11351613635416669,0.4627919099999991,0.48068969794197514,2.3858945036757833,2.3985542524192516,0.059970289263218436,0.35392126618828185,0.7110854683924259,27.280438931305863,26.843789669666666,0.4366492616391966,-0.40423328124994384,-590.11820622,8.65239210937574,-9.816910573729132,-590.06646436,7.843925546875852,-9.817041511229974,-590.09233529,8.248158828125796,-9.816976042479553,0.1560176316692624,0.13053557416994727,-0.270467180513144,-0.3283951360120234,-0.7110854683924259,0.04656209117276178,0.22155581972334293,-0.11691091447882962
09_zrc64_T3000_v105_s17_f0005,6,3000,1.05,-592.7730712890625,0.12496444421487767,0.09697361083333335,0.49018039,0.5796646967537997,1.847942642345963,1.8928657600554935,0.0660186511119595,0.717626062964776,1.295939897156349,2.0670943030512525,3.048367491333334,-0.9812731882820813,-0.383053281250767,-593.89719474,17.564428920898933,-0.7380020434570866,-593.84816391,16.798322202149052,-0.6716645434572399,-593.87267933,17.181375639648166,-0.7048332934580515,0.14411546708066802,0.10228859557148799,0.896348030129323,1.295939897156349,0.7515316375605714,0.012914821041674407,0.08803529913652913,0.185219276989606
09_zrc64_T3000_v105_s17_f0005,7,3000,1.05,-592.7730712890625,0.12530416536147626,0.09719485239583332,0.49082793000000013,0.5816574530485731,1.847942642345963,1.8931527329077442,0.06618809099940828,0.7168792708149527,1.2925959151563493,2.0670943030512525,3.047757387666667,-0.9806630846154145,-0.36790390625007774,-593.89736189,17.567040639647757,-0.9022620434571138,-593.85027019,16.831232827147602,-0.8297342309582234,-593.87381604,17.19913673339768,-0.8659981372076686,0.1446149572988436,0.10241475401193917,0.898738282129323,1.2925959151563493,0.7506550565605714,0.012696911041674364,0.08667173113652915,0.183859781989606
10_zrc64_T4500_v100_s17_f0005,6,4500,1.0,-572.8151245117188,0.22506482590681356,0.17162728822916665,0.8226292399999999,1.0353253569615757,2.55921560790891,2.595822457078507,0.08670270391300755,0.7933094252666061,1.5067708319974926,17.184262230977243,18.232473844,-1.0482116130227581,-0.8357110937495804,-571.26206651,-24.266531276856185,-42.568962241212205,-571.1550955,-25.93795330810522,-43.40794005371151,-571.208581,-25.102242370605765,-42.98845130371198,0.2507459709427236,0.19604797825256812,0.9495489554619923,1.5067708319974926,0.6883150516087859,0.1417782763702526,-0.20157357985968916,-0.2636795560987697
10_zrc64_T4500_v100_s17_f0005,7,4500,1.0,-572.8151245117188,0.22506854549979022,0.17160921901041667,0.8232727099999999,1.0357849296825279,2.55921560790891,2.59579659598432,0.08670500063370518,0.7930182881565355,1.5052086889974916,17.184262230977243,18.232160983333337,-1.0478987523560939,-0.8374185937505274,-571.26240451,-24.261250026855308,-42.73055270996018,-571.15521493,-25.936087214354586,-43.59705427246041,-571.20880972,-25.098668620605835,-43.16380349121118,0.2507205789640532,0.1960889890603556,0.9506722704619932,1.5052086889974916,0.6878152976087861,0.1415618383702526,-0.20204087485968913,-0.2643613360987699
11_zrc64_T4500_v095_s17_f0085,6,4500,0.95,-569.26513671875,0.20774238709121096,0.1660837484375,0.6157624800000001,0.8613546267370288,2.7276830183143748,2.7422887903326125,0.0757551093172845,0.39876469564706063,0.7599498121014392,33.49676980676241,33.88166327733333,-0.3848934705709226,-0.5878001562500401,-568.79658537,-7.321114824218711,-25.62354578857473,-568.72134695,-8.496715136718791,-25.966701882325083,-568.75896616,-7.908914980468751,-25.79512391357497,0.22387060194298158,0.19025181306467526,0.28917301617018154,0.7599498121014392,0.10555758344114707,0.4681010030538316,-0.15375311149480297,-0.1975701723355865
11_zrc64_T4500_v095_s17_f0085,7,4500,0.95,-569.26513671875,0.20769557442509046,0.1660973365625,0.6150365400000001,0.8616421706879659,2.7276830183143748,2.742323913803003,0.07573706861530524,0.3996895410911701,0.7634061101014424,33.49676980676241,33.88079530000001,-0.38402549323760127,-0.5901203125002752,-568.79721948,-7.3112068554692655,-25.780509538574137,-568.72168408,-8.49144748046804,-26.152414538573865,-568.75945178,-7.901327167969541,-25.96646203857489,0.22381129884876735,0.19021936226148042,0.2898837991701839,0.7634061101014424,0.09878657044114902,0.4683895280538318,-0.153266518494803,-0.19761251833558635
12_zrc64_T4500_v105_s17_f0010,6,4500,1.05,-557.1691284179688,0.27215479515310387,0.2031933275,1.1233347799999995,1.631738517349946,2.8556049871009903,2.809530216100278,0.09686843501219354,0.4923997080261334,0.7341481141335905,13.622189202363543,14.065606828,-0.4434176256364566,-1.0925257812495204,-556.06919839,-17.186406687011768,-35.48883765136779,-555.92935508,-19.371458405760933,-36.841445151367225,-555.99927674,-18.27893246826129,-36.16514140136751,0.30969736947261317,0.22852571932147941,0.5883562460661445,0.060264061474050834,0.6816325693691763,-0.28226040800824537,0.1472503119019497,0.7341481141335905
12_zrc64_T4500_v105_s17_f0010,7,4500,1.05,-557.1691284179688,0.27221160474373657,0.20321588968749996,1.1244035600000002,1.632775232031806,2.8556049871009903,2.809463650314384,0.09689095095189275,0.4922941842357097,0.7343068041335905,13.622189202363543,14.065107435,-0.44291823263645647,-1.0909771874985097,-556.06935641,-17.183937624512424,-35.653240307617295,-555.92971132,-19.365892155761344,-37.02685921386717,-555.99953387,-18.274914812010934,-36.34004968261628,0.30975355232625595,0.22858489087336006,0.590111991066145,0.05836494747405041,0.6802777593691758,-0.28132305600824514,0.1461361679019495,0.7343068041335905
13_zrc64_T5250_v100_s17_f0080,6,5250,1.0,-517.2244873046875,0.3584088452348351,0.28978680765625,0.9516386799999994,1.2425329806193066,2.665989649951573,2.7064393229114354,0.13242818422002495,0.7299925918264892,1.19219308864308,25.77898629353901,26.66872796033334,-0.889741666794329,-1.4923385937493094,-514.34536195,-44.98633366699245,-63.28876463134847,-514.15434261,-47.971010854492846,-65.44099760009914,-514.24985228,-46.47867226074176,-64.36488119384798,0.36859771026808397,0.3479217277927057,1.19219308864308,1.1426249081291857,0.33440700361071407,-0.4932085699789791,-0.2729671403332552,-0.20205263219630343
13_zrc64_T5250_v100_s17_f0080,7,5250,1.0,-517.2244873046875,0.3583961154672862,0.28975564098958334,0.9519478099999992,1.2424018566555615,2.665989649951573,2.7064963655297096,0.13242068972708254,0.7299781266067721,1.1921018006430835,25.77898629353901,26.668626743,-0.8896404494609911,-1.4939446874997486,-514.34571915,-44.98075241699162,-63.45005510009649,-514.15449422,-47.96864194824302,-65.62960900634884,-514.25010669,-46.47469710449137,-64.53983197509672,0.36857304563180987,0.34792163082765143,1.1921018006430835,1.142691355129184,0.3341281926107129,-0.4933031599789791,-0.27250295533325586,-0.2027575851963035
14_zrc64_T5250_v095_s17_f0140,6,5250,0.95,-522.94970703125,0.33215178893966885,0.2648595441666666,0.9946098700000001,1.173154289263247,2.6381794206015474,2.5899852985515532,0.12824466190036848,0.692911029756754,1.2282420475532234,37.404373077330085,36.720841315,0.6835317623300838,-1.2105382812492849,-521.55073593,-21.858923457031665,-40.161354421387685,-521.39578702,-24.280000175782135,-41.74998692138843,-521.47326148,-23.06946173828095,-40.95567067138717,0.3726623536230763,0.2859587242658525,0.25888800262654144,-1.2282420475532234,-1.0812412420635553,0.2825854951301896,0.19239801955351954,0.1385585152362192
14_zrc64_T5250_v095_s17_f0140,7,5250,0.95,-522.94970703125,0.3321260323399806,0.26483795286458334,0.9944053900000001,1.1728918968318565,2.6381794206015474,2.5900018280485235,0.12823389881165684,0.6931095789876847,1.2280463905532244,37.404373077330085,36.720949297333334,0.6834237799967511,-1.2069287500011683,-521.55077214,-21.858357675780482,-40.32766035888535,-521.39628527,-24.27221501953092,-41.933182077636744,-521.4735287,-23.06528642578165,-41.130421296387,0.3726338470262906,0.28593603964205483,0.2597737426265425,-1.2280463905532244,-1.0819986920635571,0.28278788613018957,0.19226650555351954,0.13845009523621887
15_zrc64_T5250_v105_s17_f0055,6,5250,1.05,-528.2211303710938,0.2994208952177668,0.22942504932291666,1.32331889,1.3312071275728672,2.436455830045244,2.4504184296708593,0.12219174145616636,0.510022407462255,1.0155088795115716,22.03930564170323,22.685033808333333,-0.6457281666301036,-1.4687192187494702,-525.62048712,-40.63505079833973,-58.937481762695754,-525.43249106,-43.57248923584045,-61.04247598144674,-525.52648909,-42.103770017089204,-59.98997895019542,0.3298645686572185,0.2655091548903822,0.5209924445071685,1.0155088795115716,0.40068317587157765,0.025483961024842294,0.29957048362604954,0.0843019022630569
15_zrc64_T5250_v105_s17_f0055,7,5250,1.05,-528.2211303710938,0.29944489044853334,0.22945301682291666,1.3233573299999999,1.3311861765290316,2.436455830045244,2.450440344431845,0.12220044088360049,0.5099033872865965,1.015303956511577,22.03930564170323,22.68495692466667,-0.6456512829634384,-1.4685676562500305,-525.62061656,-40.63302829833937,-59.10233098144424,-525.4326399,-43.57016361083943,-61.231130668945255,-525.52662823,-42.1015959545894,-60.16673082519475,0.32988899648292347,0.2655329260768953,0.5206444035071733,1.015303956511577,0.4010054888715793,0.025339825024842444,0.29916901762604864,0.0845367212630569
16_zrc64_T6000_v100_s17_f0115,6,6000,1.0,-520.3597412109375,0.30762484435037324,0.24621019828125001,1.2780590800000002,1.3100466543394813,2.678237884549017,2.6651026605279684,0.11542701484130875,0.8208100627597962,1.5584308917978698,27.01729489229736,27.303819679,-0.28652478670263903,-1.3097737500000761,-518.67233842,-26.365668608399062,-44.66809957275508,-518.50468738,-28.985216108399214,-46.455202854005506,-518.5885129,-27.67544235839914,-45.561651291505356,0.32601964381944176,0.2880577747033173,1.0966839712626175,0.266911765149473,-0.5040213763041805,0.24306181747976907,-0.16307633847022807,-1.5584308917978698
16_zrc64_T6000_v100_s17_f0115,7,6000,1.0,-520.3597412109375,0.30759925664412385,0.24618104598958335,1.2779512900000007,1.3099067164494071,2.678237884549017,2.6651268936446715,0.11541636436810299,0.821196431270263,1.5591344977978694,27.01729489229736,27.303843663333335,-0.2865487710359744,-1.3128656249996595,-518.67260707,-26.361470952148025,-44.830773635252896,-518.50456027,-28.98720220214912,-46.648169260254946,-518.58858367,-27.674336577147685,-45.73947144775303,0.32599224152897904,0.28803413658618127,1.097323161262615,0.2667196041494684,-0.5043964523041744,0.24273396547976905,-0.16336481747022802,-1.5591344977978694
17_zrc64_T6000_v095_s17_f0175,6,6000,0.95,-517.1835327148438,0.3336606027067289,0.26379268833333336,0.9741178499999998,1.0377502912520817,2.57666950703737,2.574798905346517,0.1295870531923443,0.4693409605588087,0.6797034229058241,34.768248551137475,35.06856587800001,-0.3003173268625332,-1.416108593749854,-514.76454282,-37.796717106934,-56.09914807129002,-514.58328092,-40.628934294433705,-58.09892104004,-514.67391187,-39.21282570068385,-57.09903463379007,0.32522483791701273,0.34188828643153013,0.3699419023424042,-0.10187680971358049,0.6328868879587617,-0.6797034229058241,0.41562680005934594,0.3730436101796494
17_zrc64_T6000_v095_s17_f0175,7,6000,0.95,-517.1835327148438,0.3337183276695941,0.26385364250000004,0.9742488899999999,1.037975854412061,2.57666950703737,2.574803161854806,0.12960925814196764,0.4696858796962291,0.6803161759058245,34.768248551137475,35.068894349333334,-0.300645798195859,-1.4202115624986078,-514.76412735,-37.80320882568411,-56.27251150878898,-514.58234027,-40.6436319506831,-58.30459900878893,-514.67323381,-39.22342038818272,-57.288555258788065,0.3252741331128734,0.3419540652965685,0.36953069034240116,-0.10136695371357973,0.6337736579587627,-0.6803161759058245,0.4159225580593455,0.3732426021796494
18_zrc64_T6000_v105_s17_f0065,6,6000,1.05,-521.6491088867188,0.3155161001880606,0.24586008635416667,0.9591514399999999,1.108413626243198,2.753251768237552,2.7737527570437535,0.11375062156741593,0.5339621038787443,1.0619555936935754,21.77119415832104,21.905213899666666,-0.13401974134562522,-1.5286640624996295,-520.39250161,-19.63448869873119,-37.93691966308721,-520.19683262,-22.691816667480325,-40.161803413086616,-520.29466711,-21.16315276123082,-39.04936169433704,0.33760734962854894,0.2917569132557981,1.0619555936935754,-0.03588010168833833,-0.6240162679683579,-0.1805325960718469,0.23808029471777825,0.32091363001740536
18_zrc64_T6000_v105_s17_f0065,7,6000,1.05,-521.6491088867188,0.31551388815964726,0.24586896187499999,0.95931297,1.1087419505567218,2.753251768237552,2.773752608077232,0.11374983019064623,0.5342902626645706,1.0625258146935685,21.77119415832104,21.905171816666666,-0.13397765834562492,-1.5332739062507983,-520.39227043,-19.638100886229637,-38.10740356933451,-520.19601136,-22.70464885497958,-40.365615913085406,-520.2941409,-21.171374792480435,-39.23650966308578,0.3376038821850891,0.29175614128376676,1.0625258146935685,-0.03586826868833626,-0.624724570968354,-0.180296808071847,0.2378971307177773,0.3211947940174049
