kmesh,target_temperature_K,n_structures,force_component_RMSE_eV_A,force_component_max_abs_eV_A,stress_6_component_RMSE_GPa,stress_component_max_abs_GPa,mean_signed_pressure_error_GPa,reference01_aligned_e_fr_energy_RMSE_meV_atom,reference01_aligned_e_0_energy_RMSE_meV_atom,reference01_aligned_e_fr_energy_mean_error_meV_atom,reference01_aligned_e_0_energy_mean_error_meV_atom,reference01_aligned_e_fr_energy_max_abs_error_meV_atom,reference01_aligned_e_0_energy_max_abs_error_meV_atom
6,all,18,0.2210407022935519,1.32331889,0.6682324710656888,1.5969483684710148,-0.5725008699789179,33.022056900747195,33.60344026095939,-23.287234517687377,-23.670674283312234,63.28876463134847,64.36488119384798
6,300,3,0.031956840235064336,0.12202332000000005,0.8643534986955854,1.5969483684710148,-1.129407070696257,4.784578301418976,4.744064563417291,0.839766581216613,0.8404087687174192,6.982548305662917,6.932480336914182
6,1500,3,0.0769239034918613,0.28813296999999993,0.6689330295739323,1.4643203491173744,-0.752828382431148,3.4376761791547543,3.4265294835343134,-0.38900867594430605,-0.32997539469429665,4.9698550244148265,4.897300961914652
6,3000,3,0.1376221081074772,0.49018039,0.5688627166951504,1.295939897156349,-0.4029955550010082,6.386193698064352,6.360504154896281,-5.249793743490254,-5.211380722657329,9.642861823731863,9.635957917481619
6,4500,3,0.23655817309888547,1.1233347799999995,0.5861770492423903,1.5067708319974926,-0.6255075697433791,35.25214056346118,35.6899276911064,-34.560448560384906,-34.98290553955149,42.568962241212205,42.98845130371198
6,5250,3,0.3308748926363756,1.32331889,0.6514439692953173,1.2282420475532234,-0.28397935703144955,55.051578463748086,56.03273586540335,-54.12920027181064,-55.103510271810194,63.28876463134847,64.36488119384798
6,6000,3,0.31912006734043497,1.2780590800000002,0.6269305184161481,1.5584308917978698,-0.24028728497026583,46.83860020428172,47.82264621583463,-46.23472243571077,-47.236682539877485,56.09914807129002,57.09903463379007
7,all,18,0.22109914507016815,1.3233573299999999,0.6683847596981354,1.6013679034710142,-0.5724407327196589,33.13926476011818,33.73048036304939,-23.411239040255534,-23.800485012478074,63.45005510009649,64.53983197509672
7,300,3,0.032657528459470814,0.12526167,0.8656837835582775,1.6013679034710142,-1.1310710609184778,4.803577528713677,4.785263549920939,0.8434960603841782,0.8439996020506157,7.010737368164044,6.988356118164063
7,1500,3,0.07716276701638118,0.28689407,0.6681630632877789,1.4620047171173733,-0.7518054235422614,3.4361420837956227,3.4316985262293858,-0.48183638427682735,-0.41578867594379193,5.052600493163695,4.9876647119138084
7,3000,3,0.13785951463154034,0.49082793000000013,0.5683450487912243,1.2925959151563493,-0.4024736924454513,6.521241358142008,6.49873915202407,-5.410748014322546,-5.37384244140604,9.816910573729132,9.816976042479553
7,4500,3,0.23656743898679977,1.1244035600000002,0.5862261504575105,1.5052086889974916,-0.6249474927433839,35.41039560825749,35.8607040903348,-34.72143418538387,-35.15677173746745,42.73055270996018,43.16380349121118
7,5250,3,0.33086891631766213,1.3233573299999999,0.6514779142266102,1.2280463905532244,-0.28395598414255946,55.21266524288027,56.20538813311835,-54.29334881347537,-55.278994698892824,63.45005510009649,64.53983197509672
7,6000,3,0.3191312366055834,1.2779512900000007,0.6272783776217202,1.5591344977978694,-0.24039074252581946,47.00556003651129,48.0054910140512,-46.403562904458795,-47.42151212320896,56.27251150878898,57.288555258788065
