frame_id,job_id,atoms,target_temperature_K,volume_scale,md_seed,split,source_group,frame_index_zero_based,sampling_time_fs,step,temperature_K,MACE_energy_eV_atom,MACE_pressure_GPa,MACE_max_force_eV_A,min_ZrC_A,min_CC_A,min_ZrZr_A,geometry_sha256,source_path,source_sha256,duplicate_of,phase,calibration_rank,structure_id,POSCAR,POSCAR_sha256,relative_energy_reference,selection,DFT_label_status,DFT_protocol_status,roundtrip_max_position_component_error_A
zrc64_T0300_v100_s17_f0085,zrc64_T0300_v100_s17,64,300,1.0,17,development,zrc64_v100_s17_heating,85,4250.0,8500,293.6919535120482,-9.671589851379395,1.6040500402450562,1.923880934715271,2.2183687101750627,3.1204350472365934,3.168385365283893,84c84c6b00bf3e558a6b0068fbced1b3541611886ff1c96024dcb13e32a4b3f2,experiments/zrc_mace_round1/jobs/zrc64_T0300_v100_s17/production/attempt-01/sampling/frames.extxyz,b0e19e781d665d4f92fb7606a1fa566d8357e4b8f1c5799a79f193aea3456c2f,,unassigned,1,01_zrc64_T0300_v100_s17_f0085,dft/structures/zrc_calibration18/01_zrc64_T0300_v100_s17_f0085/POSCAR,a42a35269d24dae0b42a5828ea8df9cd93b359463e658238e9a02e42dcd941a3,True,reference_nearest_centroid,not_calculated,calibration_pending,1.0436096431476472e-15
zrc64_T0300_v095_s17_f0165,zrc64_T0300_v095_s17,64,300,0.95,17,development,zrc64_v095_s17_heating,165,8250.0,16500,294.78753391538174,-9.642921447753906,15.662242889404297,2.2243125438690186,2.138989238096295,3.099458430805922,3.1322633588679936,4369bd46546be50d1c659fe9259961eff61fa7bcadea51b0ea4316b86005bd51,experiments/zrc_mace_round1/jobs/zrc64_T0300_v095_s17/production/attempt-01/sampling/frames.extxyz,29fc41d9fad7160ccd2375073663700da24320df162982d90ed67297d635bd7d,,unassigned,2,02_zrc64_T0300_v095_s17_f0165,dft/structures/zrc_calibration18/02_zrc64_T0300_v095_s17_f0165/POSCAR,4d08e9d2a413fcdbdb8f496697aa917a3c2d5ce8ea2b34756efcb786bb55d5a1,False,one_per_TV_stratum_maximum_minimum_SOAP_distance,not_calculated,calibration_pending,1.0259179263250762e-15
zrc64_T0300_v105_s17_f0100,zrc64_T0300_v105_s17,64,300,1.05,17,development,zrc64_v105_s17_heating,100,5000.0,10000,305.7667462593338,-9.65540599822998,-8.869560241699219,1.9775797128677368,2.2164043574941847,3.1588698491643847,3.228601195723805,eba58c9d705ecb87b5efda08038f4f8cc697f5e48628a01da327c44bb841e470,experiments/zrc_mace_round1/jobs/zrc64_T0300_v105_s17/production/attempt-01/sampling/frames.extxyz,2e6224250d01b866f883442edea3e0ecd17b582eb99446eca08ba48b95249e08,,unassigned,3,03_zrc64_T0300_v105_s17_f0100,dft/structures/zrc_calibration18/03_zrc64_T0300_v105_s17_f0100/POSCAR,59456c24eecd256b1c23a31d82babcd19c768459a0deaa67b67fec202759df7c,False,one_per_TV_stratum_maximum_minimum_SOAP_distance,not_calculated,calibration_pending,1.0607210392321179e-15
zrc64_T1500_v100_s17_f0085,zrc64_T1500_v100_s17,64,1500,1.0,17,development,zrc64_v100_s17_heating,85,4250.0,8500,1449.341723261396,-9.489387512207031,7.583243792593071,4.891875267028809,2.0649153578431614,2.816110590199372,3.0266047272485856,4f61c3511af06c3e7ca9fe1cae64265b422be942fc7ae4168bfed65db2c50740,hpc/results/round1-8-64/production/zrc64_T1500_v100_s17/jobs/zrc64_T1500_v100_s17/production/attempt-01/sampling/frames.extxyz,0b57a9d22d7e8c7db61735858cc30505ba173d07c1c4a6e396f17041a99b84e2,,unassigned,4,04_zrc64_T1500_v100_s17_f0085,dft/structures/zrc_calibration18/04_zrc64_T1500_v100_s17_f0085/POSCAR,55cae0980d275205979068a66d3bfec175d39054bcc777c105504214f5002f7d,False,one_per_TV_stratum_maximum_minimum_SOAP_distance,not_calculated,calibration_pending,1.0436096431476472e-15
zrc64_T1500_v095_s17_f0180,zrc64_T1500_v095_s17,64,1500,0.95,17,development,zrc64_v095_s17_heating,180,9000.0,18000,1484.369740921759,-9.464873313903809,22.521607541230612,5.2620978355407715,2.0168515106565397,2.8858214929105928,3.013434450153947,dc24331b1d77a92f431090f7778be05cb5ea2ebcece04124e6b7241fac574321,hpc/results/round1-8-64/production/zrc64_T1500_v095_s17/jobs/zrc64_T1500_v095_s17/production/attempt-01/sampling/frames.extxyz,5b28004032b343dfef216429d4e0761a24384595070cb03a21afa3c444c24067,,unassigned,5,05_zrc64_T1500_v095_s17_f0180,dft/structures/zrc_calibration18/05_zrc64_T1500_v095_s17_f0180/POSCAR,eebd835c6d1d067808e4865b44f657544cec917d9e83a92a635e60f95dc5e166,False,one_per_TV_stratum_maximum_minimum_SOAP_distance,not_calculated,calibration_pending,1.0259179263250762e-15
zrc64_T1500_v105_s17_f0190,zrc64_T1500_v105_s17,64,1500,1.05,17,development,zrc64_v105_s17_heating,190,9500.0,19000,1560.7019046013722,-9.466275215148926,-0.9265374896595363,5.871086597442627,1.9977316356315618,2.944263171355144,3.025138995818245,0df02c08b6c6bda068ac0d8d5ed03e318a068985b0bca838323a480d4543ce66,hpc/results/round1-8-64/production/zrc64_T1500_v105_s17/jobs/zrc64_T1500_v105_s17/production/attempt-01/sampling/frames.extxyz,d28a4f0a705320a646044b919cebe9286d070451f48feede258cfdd61a8ba8f5,,unassigned,6,06_zrc64_T1500_v105_s17_f0190,dft/structures/zrc_calibration18/06_zrc64_T1500_v105_s17_f0190/POSCAR,543445fe7623e820586d1c7997e64fd4428b0690804df1c23430d77af7b11bb2,False,one_per_TV_stratum_maximum_minimum_SOAP_distance,not_calculated,calibration_pending,1.0607210392321179e-15
zrc64_T3000_v100_s17_f0045,zrc64_T3000_v100_s17,64,3000,1.0,17,development,zrc64_v100_s17_heating,45,2250.0,4500,2890.7598042379195,-9.264492988586426,15.380784096329506,10.856916427612305,1.860552407900726,2.584952349903943,2.7425011216283313,4c4b0476a1faf3f71c1dfc5f2a0397ecbb11295534671472d6023b6a1a7673f9,hpc/results/round1-8-64/production/zrc64_T3000_v100_s17/jobs/zrc64_T3000_v100_s17/production/attempt-01/sampling/frames.extxyz,a4444c4024dfaef8af475d257202e4ec0c331a45e9426cd5c950944caa131eaa,,unassigned,7,07_zrc64_T3000_v100_s17_f0045,dft/structures/zrc_calibration18/07_zrc64_T3000_v100_s17_f0045/POSCAR,d5fe129c558c74ab2581d9b62d9375da8a57fd2726edf28e5340b03ea1550606,False,one_per_TV_stratum_maximum_minimum_SOAP_distance,not_calculated,calibration_pending,1.0436096431476472e-15
zrc64_T3000_v095_s17_f0030,zrc64_T3000_v095_s17,64,3000,0.95,17,development,zrc64_v095_s17_heating,30,1500.0,3000,2628.2428661525855,-9.211944580078125,30.177662498937796,8.743659019470215,1.8557731742741685,2.407358934001484,2.865380083158643,dd7f9625f97042330a9080b0a1f8d53ca95676a3082d669564c3b25c73abd222,hpc/results/round1-8-64/production/zrc64_T3000_v095_s17/jobs/zrc64_T3000_v095_s17/production/attempt-01/sampling/frames.extxyz,38d42f886936a7c5334dbee7f9fc2d38457e89614c905ba8d473d57ee3aee2bb,,unassigned,8,08_zrc64_T3000_v095_s17_f0030,dft/structures/zrc_calibration18/08_zrc64_T3000_v095_s17_f0030/POSCAR,404d78945d0ca60b739865b3b06e2e06ce2f5bd5eeec26e19d2e36155ab6a0e2,False,one_per_TV_stratum_maximum_minimum_SOAP_distance,not_calculated,calibration_pending,1.0259179263250762e-15
zrc64_T3000_v105_s17_f0005,zrc64_T3000_v105_s17,64,3000,1.05,17,development,zrc64_v105_s17_heating,5,250.0,500,3230.520309775575,-9.262079238891602,5.289077691501975,7.6164984703063965,1.904689659555472,2.595658934783491,2.935750747207749,8c338c2b580d8e7bded4c82052dd30e3a10e4a3abdf31ee7183dc7a363cb8ac6,hpc/results/round1-8-64/production/zrc64_T3000_v105_s17/jobs/zrc64_T3000_v105_s17/production/attempt-01/sampling/frames.extxyz,b4dccb6801af5c2276e8bda38746a4f6f66326b38d4a2344115b8b88f363d665,,unassigned,9,09_zrc64_T3000_v105_s17_f0005,dft/structures/zrc_calibration18/09_zrc64_T3000_v105_s17_f0005/POSCAR,8254d6a3cb7019ddb27eba04e31d886b74d890644cbbc6efa232114b50782ebb,False,one_per_TV_stratum_maximum_minimum_SOAP_distance,not_calculated,calibration_pending,1.0607210392321179e-15
zrc64_T4500_v100_s17_f0005,zrc64_T4500_v100_s17,64,4500,1.0,17,development,zrc64_v100_s17_heating,5,250.0,500,4639.106053937229,-8.950236320495605,22.042451398743086,9.063414573669434,1.812550800677142,1.4227580844855214,2.5072909290443572,17eb272cdb13cdd5ebf975ca28837a8b3bf3cb155359150527e13dfc1aaf8202,hpc/results/round1-8-64/production/zrc64_T4500_v100_s17/jobs/zrc64_T4500_v100_s17/production/attempt-01/sampling/frames.extxyz,b5f6ee0648c369753023d9323aabfe46cfd7612607cbea2ffbfb15a993519ff2,,unassigned,10,10_zrc64_T4500_v100_s17_f0005,dft/structures/zrc_calibration18/10_zrc64_T4500_v100_s17_f0005/POSCAR,64b00d29a49917199ab9796a049f8cece0507bbd126d4a0b428162b3b8e1179d,False,one_per_TV_stratum_maximum_minimum_SOAP_distance,not_calculated,calibration_pending,1.0436096431476472e-15
zrc64_T4500_v095_s17_f0085,zrc64_T4500_v095_s17,64,4500,0.95,17,development,zrc64_v095_s17_heating,85,4250.0,8500,3894.4573929708786,-8.894767761230469,37.789795343847075,10.06881046295166,1.818668500000537,1.4052769260872584,2.7090254360642585,ce31b67de418f73871a3db1f4beeca1e062a6338619037a0d5eddecb73f3d640,hpc/results/round1-8-64/production/zrc64_T4500_v095_s17/jobs/zrc64_T4500_v095_s17/production/attempt-01/sampling/frames.extxyz,65116dd3c23f7ea4f37d5e963453d34409098eb6bae1ff570fe77bb92b99e81a,,unassigned,11,11_zrc64_T4500_v095_s17_f0085,dft/structures/zrc_calibration18/11_zrc64_T4500_v095_s17_f0085/POSCAR,e904680436a9286c586600a42b86244722d5f13842bd5b3e87d9dd752d8cb9a1,False,one_per_TV_stratum_maximum_minimum_SOAP_distance,not_calculated,calibration_pending,1.0259179263250762e-15
zrc64_T4500_v105_s17_f0010,zrc64_T4500_v105_s17,64,4500,1.05,17,development,zrc64_v105_s17_heating,10,500.0,1000,4835.689009871978,-8.705767631530762,18.445099497765344,17.191137313842773,1.6896367245057529,1.2877388044222113,2.644196872306822,b93d187e6dac24aa05c70d8b135f82d609dc1d749a460cad22bb6a6612421d3e,hpc/results/round1-8-64/production/zrc64_T4500_v105_s17/jobs/zrc64_T4500_v105_s17/production/attempt-01/sampling/frames.extxyz,05e37e3688bdce1195b166c3cdb4e0b2767bce96dc36f5029349686ffc9fba78,,unassigned,12,12_zrc64_T4500_v105_s17_f0010,dft/structures/zrc_calibration18/12_zrc64_T4500_v105_s17_f0010/POSCAR,5c1ba2a04d1a616897c7e95cddade30a0a5667378e57ff32691acd43fbcb1809,False,one_per_TV_stratum_maximum_minimum_SOAP_distance,not_calculated,calibration_pending,1.0607210392321179e-15
zrc64_T5250_v100_s17_f0080,zrc64_T5250_v100_s17,64,5250,1.0,17,development,zrc64_v100_s17_heating,80,4000.0,8000,4734.541583634547,-8.081632614135742,30.737117961261717,10.416411399841309,1.838867723344013,1.2500566576684904,2.298531836215468,95bccb9fddf060f8217cf7af7ee3fecf98a17eb5acebd7b0af259573867c1a09,hpc/results/round1-8-64/production/zrc64_T5250_v100_s17/jobs/zrc64_T5250_v100_s17/production/attempt-01/sampling/frames.extxyz,c105336a4968370fe0edbeab8640489ed047806d76ff10421d0ca32fae09eea0,,unassigned,13,13_zrc64_T5250_v100_s17_f0080,dft/structures/zrc_calibration18/13_zrc64_T5250_v100_s17_f0080/POSCAR,8f968b1c7adcdbbab8e7be30b1e8b20beb13ce2d0578a25949f2478c19d9d15f,False,one_per_TV_stratum_maximum_minimum_SOAP_distance,not_calculated,calibration_pending,1.0436096431476472e-15
zrc64_T5250_v095_s17_f0140,zrc64_T5250_v095_s17,64,5250,0.95,17,development,zrc64_v095_s17_heating,140,7000.0,14000,5947.032512423857,-8.171089172363281,43.960039212435056,10.278097152709961,1.8309354179981,1.254497290480707,2.3228895960725753,020c472bfd2588f1dbf6931d0a6576502e798a1aae1b4c64ceb9e7e518d21cef,hpc/results/round1-8-64/production/zrc64_T5250_v095_s17/jobs/zrc64_T5250_v095_s17/production/attempt-01/sampling/frames.extxyz,7fdbc9fc59e3288da3c2fc653d1ed8709f0feeca8bf1573cf734a243a8eea755,,unassigned,14,14_zrc64_T5250_v095_s17_f0140,dft/structures/zrc_calibration18/14_zrc64_T5250_v095_s17_f0140/POSCAR,74d46900feac50a08a0680a843b1abebf1e2da5db1c61a4489423ff49fe53210,False,one_per_TV_stratum_maximum_minimum_SOAP_distance,not_calculated,calibration_pending,1.0259179263250762e-15
zrc64_T5250_v105_s17_f0055,zrc64_T5250_v105_s17,64,5250,1.05,17,development,zrc64_v105_s17_heating,55,2750.0,5500,6407.476761581478,-8.25345516204834,28.42985010762976,9.639848709106445,1.837643961107129,1.3329980420542356,2.255829778295234,94780ed1e892460e5f6104d7224f67f26b4b38c49d92d06e0085a4e3bb38bed9,hpc/results/round1-8-64/production/zrc64_T5250_v105_s17/jobs/zrc64_T5250_v105_s17/production/attempt-01/sampling/frames.extxyz,98513e4ef98528a1f91bcd1e3ab3c9da409ecdb19122d0f4eb5d882dd43afa8e,,unassigned,15,15_zrc64_T5250_v105_s17_f0055,dft/structures/zrc_calibration18/15_zrc64_T5250_v105_s17_f0055/POSCAR,d884f429fdd58f932c9e32cd257b212eeae65847e5d15ad96b13b266190db017,False,one_per_TV_stratum_maximum_minimum_SOAP_distance,not_calculated,calibration_pending,1.0607210392321179e-15
zrc64_T6000_v100_s17_f0115,zrc64_T6000_v100_s17,64,6000,1.0,17,development,zrc64_v100_s17_heating,115,5750.0,11500,5617.897916560235,-8.130620956420898,32.90049964910255,13.347158432006836,1.7056370439375126,1.2977984063018695,2.3570445374032802,a0569d424b43f14dd270e199d4e37b5b50286e73cbe8fc012b72ee9e7c923e1f,hpc/results/round1-8-64/production/zrc64_T6000_v100_s17/jobs/zrc64_T6000_v100_s17/production/attempt-01/sampling/frames.extxyz,41599cc730e48121c4bdac3bc09d76b684d95a277e129cddc8adb7f46e6d0946,,unassigned,16,16_zrc64_T6000_v100_s17_f0115,dft/structures/zrc_calibration18/16_zrc64_T6000_v100_s17_f0115/POSCAR,48ff86ec822259e0b2bb72a168c51b876ef536a358b0eeb22237c90e4ffb7fe7,False,one_per_TV_stratum_maximum_minimum_SOAP_distance,not_calculated,calibration_pending,5.218048215738236e-16
zrc64_T6000_v095_s17_f0175,zrc64_T6000_v095_s17,64,6000,0.95,17,development,zrc64_v095_s17_heating,175,8750.0,17500,5650.023798410469,-8.080992698669434,40.996509385494385,12.415306091308594,1.8645232933324467,1.2155181086037026,2.250092606595109,fd5c0ebab13d96e1bceb95a8d130c58e7e7946e5004a35101f80d04c6ca7ee48,hpc/results/round1-8-64/production/zrc64_T6000_v095_s17/jobs/zrc64_T6000_v095_s17/production/attempt-01/sampling/frames.extxyz,ebfa194f0d83eb7ec3df31489d43cf1768b9a48d0c55db95d8af2f4e79e8302b,,unassigned,17,17_zrc64_T6000_v095_s17_f0175,dft/structures/zrc_calibration18/17_zrc64_T6000_v095_s17_f0175/POSCAR,c157b659460b73a3224aca6d16a0df35bd6ac996c29e381375e34b9151350ca0,False,one_per_TV_stratum_maximum_minimum_SOAP_distance,not_calculated,calibration_pending,1.0259179263250762e-15
zrc64_T6000_v105_s17_f0065,zrc64_T6000_v105_s17,64,6000,1.05,17,development,zrc64_v105_s17_heating,65,3250.0,6500,7066.0771909570985,-8.15076732635498,28.818598646657453,16.851322174072266,1.9191544052011298,1.1814471726283555,2.205416930184159,7b67529c600a8a7ab0adffb1c27621782493e2c3b54991204a28c9b0883cc810,hpc/results/round1-8-64/production/zrc64_T6000_v105_s17/jobs/zrc64_T6000_v105_s17/production/attempt-01/sampling/frames.extxyz,ef738ec6f25e619a80c636ce84ec0302c99d26bcf9231bfb5a2f7e421275dfdc,,unassigned,18,18_zrc64_T6000_v105_s17_f0065,dft/structures/zrc_calibration18/18_zrc64_T6000_v105_s17_f0065/POSCAR,3a12f7f9850138b85eae1c893fb2ffb1bef9392cdfbc2dbbd630724c255088cf,False,one_per_TV_stratum_maximum_minimum_SOAP_distance,not_calculated,calibration_pending,1.0607210392321179e-15
