method,selection_seed,budget,unique_frames,mean_nearest_SOAP_distance_on_development_pool,max_nearest_SOAP_distance_on_development_pool
stratified_random,17,20,20,0.026035662773981453,0.08053983311806666
stratified_random,17,50,50,0.021775685704027076,0.06829559764241586
stratified_random,17,100,100,0.018078924663613622,0.06172733449960036
stratified_random,17,200,200,0.014092254327527363,0.06172733449960036
stratified_SOAP_FPS,17,20,20,0.02811648814618642,0.07759610310029227
stratified_SOAP_FPS,17,50,50,0.023060692084928707,0.06480931390385535
stratified_SOAP_FPS,17,100,100,0.018849313347421542,0.05252924724871508
stratified_SOAP_FPS,17,200,200,0.0140768903202832,0.047715510464837886
stratified_random,42,20,20,0.02577839811818086,0.09356763783773979
stratified_random,42,50,50,0.021704567566531576,0.07624013785475486
stratified_random,42,100,100,0.018253798240546782,0.0686072644623213
stratified_random,42,200,200,0.014182101875461922,0.06584563637804164
stratified_SOAP_FPS,42,20,20,0.027810271186612376,0.08115264727732042
stratified_SOAP_FPS,42,50,50,0.02291153433238044,0.06480931390385535
stratified_SOAP_FPS,42,100,100,0.018813403627516854,0.05462731857692713
stratified_SOAP_FPS,42,200,200,0.014200859137393763,0.04826077251798296
stratified_random,2026,20,20,0.025323588564584536,0.0869767983481572
stratified_random,2026,50,50,0.02138857002892622,0.07936294154905202
stratified_random,2026,100,100,0.018484872183988983,0.07557929046198926
stratified_random,2026,200,200,0.014217263177433406,0.06355186875041897
stratified_SOAP_FPS,2026,20,20,0.027446583277252058,0.07350161396206657
stratified_SOAP_FPS,2026,50,50,0.022974789338450437,0.06480931390385535
stratified_SOAP_FPS,2026,100,100,0.018932539684445807,0.054639490990759626
stratified_SOAP_FPS,2026,200,200,0.013868028320732475,0.04854163463549708
