job_id,atoms,temperature_K,volume_scale,seed,temperature_mean_K,pressure_mean_GPa,potential_mean_eV_atom,four_block_energy_range_meV_atom,maximum_force_eV_A,minimum_ZrC_A,minimum_CC_A,energy_tau_int_fs_estimate,energy_rho_250fs,phase,equilibration_established
zrc8_T0300_v095_s17,8,300,0.95,17,300.7271567377357,15.19262374639511,-9.652083707332611,2.663635253906449,3.3849759101867676,2.07877580941967,3.016231151262666,37.48069424411479,-0.05155448805235191,unassigned,False
zrc8_T0300_v095_s42,8,300,0.95,42,304.6294101957804,15.182963279247284,-9.65146844291687,2.3498134613024746,2.934911012649536,2.091000355977802,2.9765269908463554,27.067768129123365,-0.11931620666352302,unassigned,False
zrc8_T0300_v095_s2026,8,300,0.95,2026,297.8937097601997,15.171320500850678,-9.65205018568039,3.841028213500408,2.9103140830993652,2.0824175381428423,2.9687707516544033,58.920129183626415,0.042751272604787255,unassigned,False
zrc8_T0300_v100_s17,8,300,1.0,17,294.1735006412111,1.5819833750724792,-9.679364301681519,1.5307331085203657,2.661224126815796,2.1093518490982417,3.0572058560732405,32.66930751578652,0.042897948358409085,unassigned,False
zrc8_T0300_v100_s42,8,300,1.0,42,300.9895747226131,1.658794667750597,-9.678287551879883,4.158695220947806,3.4002792835235596,2.0788167641114823,3.0559365216646177,98.13385739696086,0.13910448000092426,unassigned,False
zrc8_T0300_v100_s2026,8,300,1.0,2026,290.4714374217548,1.5650509093552827,-9.679465606212617,4.124351501465284,3.0212514400482178,2.105351893903814,3.007322802787358,61.47625969835861,0.05436743458304698,unassigned,False
zrc8_T0300_v105_s17,8,300,1.05,17,292.8474190168235,-8.521046171188354,-9.657890681266785,4.333919525146612,2.4810879230499268,2.110307541336226,3.0549273264691155,47.67553544248877,0.018793469430262215,unassigned,False
zrc8_T0300_v105_s42,8,300,1.05,42,287.7718336108343,-8.535325094223023,-9.658088357925415,2.3229923248280215,2.5713469982147217,2.1439923631594953,3.096993408886959,29.459470129106393,-0.029605398702601527,unassigned,False
zrc8_T0300_v105_s2026,8,300,1.05,2026,313.71619386424413,-8.394226782798768,-9.655521960258485,1.8950672149671277,2.5235233306884766,2.107784445220864,3.0220057106129103,14.965993703109055,-0.022503896300467206,unassigned,False
zrc8_T1500_v095_s17,8,1500,0.95,17,1544.9757177498393,20.734963939423416,-9.515235569477081,9.994255065917557,8.667457580566406,1.8678082282826602,2.708345908367357,34.06150571094736,0.0005032381772082549,unassigned,False
zrc8_T1500_v095_s42,8,1500,0.95,42,1519.8936026748754,20.492351191421132,-9.516349638462067,21.943181991575855,8.022928237915039,1.8864275025106334,2.6573913740917794,36.83948334986268,-0.07698278468168952,unassigned,False
zrc8_T1500_v095_s2026,8,1500,0.95,2026,1459.1893700833186,20.292379092190174,-9.523111092090607,19.84024238586457,7.962886333465576,1.8567569285759808,2.6359805262658216,48.420330096960924,0.0074135169878452095,unassigned,False
zrc8_T1500_v100_s17,8,1500,1.0,17,1487.6571111417766,7.039562430724103,-9.550474500656128,23.037187576292695,6.988702774047852,1.9025172207451648,2.7955622940448595,33.94856334082511,0.018023694985040608,unassigned,False
zrc8_T1500_v100_s42,8,1500,1.0,42,1521.632216405128,7.211952830845417,-9.546908588409424,29.984643936158406,9.081947326660156,1.8924590853653445,2.760748539349316,94.39155910329825,0.11026790218729658,unassigned,False
zrc8_T1500_v100_s2026,8,1500,1.0,2026,1473.207094970396,6.929985237628744,-9.551853944301605,23.28086090087922,8.448805809020996,1.8522710002337925,2.717176677520098,80.09996883695372,0.13647340885589196,unassigned,False
zrc8_T1500_v105_s17,8,1500,1.05,17,1479.506766375807,-3.050557651309057,-9.533248148918151,20.18832969665496,7.1916985511779785,1.9075707820279295,2.7497497687806973,42.150528649812244,0.022129425997948884,unassigned,False
zrc8_T1500_v105_s42,8,1500,1.05,42,1445.7899437676908,-3.125861094043561,-9.537527193546294,21.824424743652315,7.493422508239746,1.8882930782920797,2.7428584646464977,52.35100084657718,0.10435571373997891,unassigned,False
zrc8_T1500_v105_s2026,8,1500,1.05,2026,1553.9580341487203,-2.7356644142251394,-9.524379967689514,27.00577735900822,6.852791786193848,1.8659123363886845,2.7121837957341195,25.409865291370615,-0.005639679119822371,unassigned,False
zrc8_T3000_v095_s17,8,3000,0.95,17,3066.231766749694,26.46928682501882,-9.342436177253724,8.008100509643512,13.05870532989502,1.7523775731954374,2.3994069078969114,28.333751949390145,-0.006095217096527597,unassigned,False
zrc8_T3000_v095_s42,8,3000,0.95,42,3118.191854398674,26.54832626340907,-9.3338681974411,65.72561454772874,12.41184139251709,1.7699792728377712,2.3131460706039557,44.49539690982819,0.016082438563385825,unassigned,False
zrc8_T3000_v095_s2026,8,3000,0.95,2026,2914.4199228968882,25.85377374997221,-9.359506183624267,42.35406494140648,11.479336738586426,1.7586293721683193,2.3217834578033485,46.40061740220123,-0.014831434302650567,unassigned,False
zrc8_T3000_v100_s17,8,3000,1.0,17,2991.445855540045,12.781769608990125,-9.384530535697937,67.29680061340382,12.374125480651855,1.802509314903008,2.355642776300525,62.57198354221526,0.059840093312854885,unassigned,False
zrc8_T3000_v100_s42,8,3000,1.0,42,3116.098487777786,13.360591044848945,-9.370627974510192,38.69423484802148,12.025814056396484,1.793230176933827,2.381421677420413,91.39643877593056,0.09810530968293711,unassigned,False
zrc8_T3000_v100_s2026,8,3000,1.0,2026,2937.2606523719105,12.480124961856145,-9.391375811576843,52.37453079223542,12.5835599899292,1.7365271276010592,2.4940879422566304,76.91929220366502,0.12211100524056423,unassigned,False
zrc8_T3000_v105_s17,8,3000,1.05,17,2977.4838063010448,2.7231200676737957,-9.373906929016114,48.01371765136686,11.188729286193848,1.819230702030101,2.508245179946402,41.43279851618216,0.03582926408300908,unassigned,False
zrc8_T3000_v105_s42,8,3000,1.05,42,3006.6467200246975,2.949689033064417,-9.371041956424714,61.02183532714989,11.975482940673828,1.7397755652420857,2.393544228445574,33.96741619681444,0.08835709854323315,unassigned,False
zrc8_T3000_v105_s2026,8,3000,1.05,2026,2985.474481350174,2.8344257625385163,-9.368666014671327,91.47623443603514,11.703588485717773,1.7502338374183002,2.2967642405844777,153.80646050160138,0.08160407346694523,unassigned,False
zrc8_T4500_v095_s17,8,4500,0.95,17,4570.584245458335,31.80557212883066,-9.160982236862182,118.71203231811656,18.998769760131836,1.6553247177489026,2.126749408795363,71.18160352109545,0.09140425743674048,unassigned,False
zrc8_T4500_v095_s42,8,4500,0.95,42,4581.8004551272925,31.709618196310792,-9.148136944293976,90.97567749023483,17.19314956665039,1.7333905803284668,1.6894305695966758,51.8742764785003,-0.02890230242852317,unassigned,False
zrc8_T4500_v095_s2026,8,4500,0.95,2026,4364.100942628986,31.0437301073404,-9.18501314020157,61.65736961364665,19.858623504638672,1.6178683174877013,2.0432530002734026,45.23049011378088,-0.0006985374329758536,unassigned,False
zrc8_T4500_v100_s17,8,4500,1.0,17,4573.995136055407,18.25444926820332,-9.194487513542175,121.02168655395573,19.039716720581055,1.6151988868763107,2.196144039202453,74.33091923021396,0.09097378405304107,unassigned,False
zrc8_T4500_v100_s42,8,4500,1.0,42,4558.153517698472,18.61837008620708,-9.183781168460847,79.33853721618789,16.251684188842773,1.6935848953497776,1.2466635833485629,78.71236083124556,0.060497147223527406,unassigned,False
zrc8_T4500_v100_s2026,8,4500,1.0,2026,4424.20889743755,17.700552245621008,-9.212828342437744,66.14094352722155,16.861974716186523,1.6534839210975565,2.0437091315406284,59.04480862323111,0.057169345911484905,unassigned,False
zrc8_T4500_v105_s17,8,4500,1.05,17,4541.780808543355,8.456292479554879,-9.188561888217926,42.42784118652487,14.43686294555664,1.7247821479355523,2.145909459006285,34.52784627688009,-0.06124246075558386,unassigned,False
zrc8_T4500_v105_s42,8,4500,1.05,42,4450.385632666033,8.110224852964665,-9.204123406410217,25.20531463622966,17.444604873657227,1.6905500337587018,2.03915898463145,31.934760656522702,0.06787130807008944,unassigned,False
zrc8_T4500_v105_s2026,8,4500,1.05,2026,4488.502939642366,8.23915780456293,-9.180025105953217,151.47317314147912,17.066940307617188,1.651612492857745,1.2640255320336877,73.01338306112898,0.04531512714116097,unassigned,False
zrc8_T5250_v095_s17,8,5250,0.95,17,5256.194858769894,33.98466644715076,-9.059042883396149,145.13784790038997,19.278295516967773,1.6724775466790063,1.4503704854258401,89.32837717679834,0.09474618757272263,unassigned,False
zrc8_T5250_v095_s42,8,5250,0.95,42,5181.11226122303,33.515035762755495,-9.045979608297348,196.86542034149213,20.462682723999023,1.6074526231748398,1.2706076902863783,138.5171035798091,0.12832370228497555,unassigned,False
zrc8_T5250_v095_s2026,8,5250,0.95,2026,5040.991503441063,33.27704698128744,-9.091583930492401,126.4862651824945,23.270536422729492,1.5952661465565017,1.2651985927839098,52.27598380314581,-0.006811800328554358,unassigned,False
zrc8_T5250_v100_s17,8,5250,1.0,17,5412.775251187808,21.282580749967877,-9.069431795597076,170.90967941284242,16.5932674407959,1.6690028093211458,1.2764182953575651,121.98514292757208,0.20257695530380238,unassigned,False
zrc8_T5250_v100_s42,8,5250,1.0,42,5481.18370058921,22.4588102101858,-8.970696841955185,466.2896595001218,20.007333755493164,1.6136854477295413,1.1920117842185054,282.2199030709304,0.49377100290629733,unassigned,False
zrc8_T5250_v100_s2026,8,5250,1.0,2026,5171.947221208361,20.30290053691545,-9.11259144592285,64.08229827880874,17.34978675842285,1.6648732259724006,1.4741517709247278,75.52180241479837,0.05611558366982746,unassigned,False
zrc8_T5250_v105_s17,8,5250,1.05,17,5316.1852292784115,12.632613697389843,-8.944138685703278,277.4689111709598,16.127084732055664,1.6733867336089958,1.1753103305140857,241.91933432425142,0.46149797779492024,unassigned,False
zrc8_T5250_v105_s42,8,5250,1.05,42,5270.3330704437785,11.122045480508621,-9.080162920475006,113.66728019714323,19.757020950317383,1.6129957977863842,1.2238866229557894,43.15177089668743,0.008076677347188836,unassigned,False
zrc8_T5250_v105_s2026,8,5250,1.05,2026,5250.855146457603,10.812749044258137,-9.077697818279267,232.79772186279325,19.726369857788086,1.6501064135773356,1.2019355652783266,188.17241117822653,0.08031208211571374,unassigned,False
zrc8_T6000_v095_s17,8,6000,0.95,17,6015.659449284718,36.659344504889525,-8.915055477380752,110.66477489471538,19.24997329711914,1.648102178106096,1.1898513768110772,171.0057466873077,0.282132157738715,unassigned,False
zrc8_T6000_v095_s42,8,6000,0.95,42,5972.414278054886,36.404473518019714,-8.911376360654831,351.83692932128884,17.82950210571289,1.6466107619605181,1.1696092622095278,304.42679985074074,0.3358876231386876,unassigned,False
zrc8_T6000_v095_s2026,8,6000,0.95,2026,5905.922167740749,36.22381856406712,-8.878669526576996,311.7844886779775,23.227108001708984,1.5871820371874044,1.1899817535176922,267.67130618714685,0.36653545508704793,unassigned,False
zrc8_T6000_v100_s17,8,6000,1.0,17,5972.061640207573,23.02872561147314,-9.003983112335206,131.857151031495,19.187896728515625,1.6187293455503342,1.3250910832483882,93.5558714486468,0.2037976191231505,unassigned,False
zrc8_T6000_v100_s42,8,6000,1.0,42,5934.216511257829,25.09916008346715,-8.826039853572846,457.25673007965105,27.924537658691406,1.5817385169618863,1.1011585135726196,280.49772104081904,0.5177965629345664,unassigned,False
zrc8_T6000_v100_s2026,8,6000,1.0,2026,5981.13441123723,24.161552282364134,-8.919689336538315,292.8165616989151,25.886245727539062,1.537460597382249,1.1583631806803918,146.08154443328334,0.24225541012789825,unassigned,False
zrc8_T6000_v105_s17,8,6000,1.05,17,6003.354982624406,14.924170504752494,-8.859695176124573,279.93848037719715,31.142255783081055,1.6748967924021156,1.0874144862735975,243.47114055633887,0.45148510618978055,unassigned,False
zrc8_T6000_v105_s42,8,6000,1.05,42,5741.0361181949465,13.929839555639534,-8.945787221908569,111.52543067932186,19.390649795532227,1.659853113642471,1.1263949627689935,204.01164270769254,0.2709838221260538,unassigned,False
zrc8_T6000_v105_s2026,8,6000,1.05,2026,6045.199180400592,16.39870308883367,-8.789383452653885,382.3444547653203,20.537193298339844,1.6530693493613045,1.154166666749152,323.3389309341694,0.4268351324028294,unassigned,False
zrc64_T0300_v095_s17,64,300,0.95,17,293.2341635304232,15.176399839401245,-9.648421944618224,1.5069789886474894,3.555401086807251,2.065404175288495,2.9816186735460994,41.742298862126326,-0.09464496546402286,unassigned,False
zrc64_T0300_v095_s42,64,300,0.95,42,301.6536538200033,15.227898110866546,-9.647389003753663,1.2016716003415695,3.8794171810150146,2.079823153125488,2.9974319387101933,25.367175316586668,0.03204119273549102,unassigned,False
zrc64_T0300_v095_s2026,64,300,0.95,2026,300.7096453239735,15.212556095600128,-9.647453615665436,1.1777496337899152,3.6772964000701904,2.0871220737362526,2.986183968227537,37.61218165628734,0.03793169826577324,unassigned,False
zrc64_T0300_v100_s17,64,300,1.0,17,299.86324883885396,1.5838238514661789,-9.673790826320648,1.0001659393310547,3.560853958129883,2.0971486310920366,3.0290421759026094,43.0827248704444,0.03139193976542504,unassigned,False
zrc64_T0300_v100_s42,64,300,1.0,42,303.4841385123295,1.5941438018083571,-9.673470457553863,1.085412979124456,3.24104642868042,2.106327006823686,3.0366634292417354,48.222254553225085,0.013477989906961616,unassigned,False
zrc64_T0300_v100_s2026,64,300,1.0,2026,297.9069168459556,1.567593876183033,-9.67419355726242,1.3267707824713426,3.366936206817627,2.097570500219389,3.0328902584554966,45.7034800272998,0.039118678680925834,unassigned,False
zrc64_T0300_v105_s17,64,300,1.05,17,299.39426169884035,-8.606882533073426,-9.652301540374756,1.4768943786620525,3.318897008895874,2.087533044719541,3.054983655593819,44.04081261376078,0.01938485197305883,unassigned,False
zrc64_T0300_v105_s42,64,300,1.05,42,301.0199401053224,-8.596542681217194,-9.652174344062805,2.5006332397463638,3.116190195083618,2.0999258072257243,3.0226681019680526,64.89900895341913,0.10569899717730734,unassigned,False
zrc64_T0300_v105_s2026,64,300,1.05,2026,299.4014946104187,-8.58547126507759,-9.652151053905486,1.1838798522951777,3.089630603790283,2.1226926816610967,3.0593583603804064,40.30341645002573,0.025456911233465697,unassigned,False
zrc64_T1500_v095_s17,64,1500,0.95,17,1479.4871955801077,20.922148859307867,-9.497284856796265,12.325578689575067,8.690671920776367,1.874762643414468,2.6558244906966193,50.564783775182846,0.048701250189980866,unassigned,False
zrc64_T1500_v095_s42,64,1500,0.95,42,1501.3696772557116,21.061329537367662,-9.494685352325439,8.666170120239514,9.333513259887695,1.8509672502877705,2.6281371878725315,48.32834509567669,0.10452771021594076,unassigned,False
zrc64_T1500_v095_s2026,64,1500,0.95,2026,1507.945210239332,21.068791992007718,-9.49349245738983,12.798484802246435,9.408714294433594,1.8874740469456124,2.6770322112053138,60.41673723585006,0.08471537560944827,unassigned,False
zrc64_T1500_v100_s17,64,1500,1.0,17,1498.8699761481582,7.52104732514216,-9.522087102413177,3.495126724242681,8.66802978515625,1.8727882847155053,2.678840684519649,32.90150792856058,-0.013800632242231037,unassigned,False
zrc64_T1500_v100_s42,64,1500,1.0,42,1523.7197730759424,7.621181655955784,-9.51981111240387,5.069835662842692,9.674240112304688,1.875565052664233,2.620660581793297,47.70923607714814,-0.021823387448328617,unassigned,False
zrc64_T1500_v100_s2026,64,1500,1.0,2026,1486.8210067022198,7.4474617766138715,-9.5244528799057,3.502908706664698,10.029899597167969,1.817072445706259,2.6780088646773224,38.10061699792936,0.024273206034820246,unassigned,False
zrc64_T1500_v105_s17,64,1500,1.05,17,1505.0686145543011,-2.5291004106420627,-9.501867034435271,7.5739631652833594,9.062185287475586,1.8561887467181883,2.5443713056338577,48.985576244652826,0.019415712524092958,unassigned,False
zrc64_T1500_v105_s42,64,1500,1.05,42,1490.0742795322546,-2.5776689917032956,-9.503722859859467,14.116743087768668,8.566238403320312,1.8273300680608264,2.6647788555027283,105.07555555070451,0.1274467220936752,unassigned,False
zrc64_T1500_v105_s2026,64,1500,1.05,2026,1504.585629304625,-2.4787069419671908,-9.501374775886536,9.903478622437234,7.88401985168457,1.8890470332584852,2.6671732438675195,38.87420805255893,0.0408832169614591,unassigned,False
zrc64_T3000_v095_s17,64,3000,0.95,17,2983.472162705343,27.772216081795086,-9.298113575458526,31.711183547972865,16.9897518157959,1.7408694052346387,2.2920841864400776,88.96050603618949,0.09866330552635626,unassigned,False
zrc64_T3000_v095_s42,64,3000,0.95,42,2991.520164580051,27.88851277518377,-9.297327646255493,9.802509307860419,13.822176933288574,1.7472729692476139,2.199572144692717,44.37491981418801,0.031510929149702195,unassigned,False
zrc64_T3000_v095_s2026,64,3000,0.95,2026,3023.0750807606096,27.966693552757043,-9.292164633274078,20.27618408203047,13.641467094421387,1.7585612932836645,2.2827477985632743,96.54009377160025,0.14752404683514425,unassigned,False
zrc64_T3000_v100_s17,64,3000,1.0,17,2983.073605787636,14.446462874515706,-9.325982806205749,5.625049591063913,14.104551315307617,1.7500334071131973,2.2008375199715142,28.84062244973481,-0.022299113598533715,unassigned,False
zrc64_T3000_v100_s42,64,3000,1.0,42,3040.578147738144,14.646886060840153,-9.320094940662385,16.770635604858697,16.806537628173828,1.7146763172763249,2.3085871827198985,51.34866338180895,0.029310762718038348,unassigned,False
zrc64_T3000_v100_s2026,64,3000,1.0,2026,2987.633965522326,14.409852344401797,-9.327113392353057,12.532003402709435,13.483026504516602,1.7279300977299157,2.216595713489482,39.06380214258562,0.0036143709213698506,unassigned,False
zrc64_T3000_v105_s17,64,3000,1.05,17,2994.6391416217184,4.50048417037581,-9.30780001783371,26.62018775939856,15.356626510620117,1.7136269778241104,2.178072828600241,45.965479515732575,0.02072842987874086,unassigned,False
zrc64_T3000_v105_s42,64,3000,1.05,42,2953.040300934885,4.742848008143153,-9.299178314208984,32.68188858032239,13.097784042358398,1.7609917963599155,1.215593573294543,241.222075308706,0.22433781522609328,unassigned,False
zrc64_T3000_v105_s2026,64,3000,1.05,2026,3009.0576997097555,4.629009853347205,-9.303953880786896,5.808710098266445,14.059772491455078,1.705471297085372,2.349895722083598,55.31618047167706,0.0559370927094917,unassigned,False
zrc64_T4500_v095_s17,64,4500,0.95,17,4533.296149696157,35.11170586848004,-9.02621708393097,64.62696456909178,26.74089241027832,1.5185938124064828,1.145324948722176,126.02655113906694,0.15295269682851032,unassigned,False
zrc64_T4500_v095_s42,64,4500,0.95,42,4443.309842199147,35.30976435348247,-9.014621703147888,85.0695991516126,30.199790954589844,1.6050290417476107,1.0812721107982415,149.88322788888195,0.2580739191109126,unassigned,False
zrc64_T4500_v095_s2026,64,4500,0.95,2026,4499.178583842714,35.33035039154251,-9.018910045623779,76.07118988037165,24.39276695251465,1.6301414405125811,1.1194359008623542,228.65426661485378,0.21409978702704732,unassigned,False
zrc64_T4500_v100_s17,64,4500,1.0,17,4512.113656727707,23.236095750643507,-9.012797092914582,58.83170127868631,19.241912841796875,1.6810617422804581,1.1259254627475515,151.0429038096965,0.17280249253710508,unassigned,False
zrc64_T4500_v100_s42,64,4500,1.0,42,4462.793017741078,24.25894264207894,-8.944577570915222,133.96281242370554,22.750322341918945,1.645361633293731,1.1117299980147453,396.252634053073,0.3956962971257517,unassigned,False
zrc64_T4500_v100_s2026,64,4500,1.0,2026,4457.926284458751,24.093983902349258,-8.964892411231995,95.0810127258297,20.32402992248535,1.628390103268709,1.1176133227061242,291.01953242914664,0.33832060584967605,unassigned,False
zrc64_T4500_v105_s17,64,4500,1.05,17,4525.692807681085,15.3421768308836,-8.925475381374358,96.20767021179155,21.677841186523438,1.6487840462382142,1.108265241298248,242.27159091147473,0.25738651509773697,unassigned,False
zrc64_T4500_v105_s42,64,4500,1.05,42,4430.368810121391,14.016031691425477,-8.989481806755066,104.18048667907698,21.673704147338867,1.6523097481713334,1.1118893259616518,367.3080800899804,0.48549333035257086,unassigned,False
zrc64_T4500_v105_s2026,64,4500,1.05,2026,4540.433314857264,15.613041141020432,-8.913490357875824,83.60409736633301,25.813945770263672,1.6350749525317199,1.0987191150395619,272.6841544661873,0.45364600326820986,unassigned,False
zrc64_T5250_v095_s17,64,5250,0.95,17,5154.57942743631,40.931940451183735,-8.480540798664093,786.5514907836921,37.9106559753418,1.6082364027418516,1.0321274046118136,1618.9930193269925,0.9137640585607174,unassigned,False
zrc64_T5250_v095_s42,64,5250,0.95,42,5238.621699938926,42.05778538290582,-8.350192110538483,544.0120944976811,27.62411880493164,1.5768006470568654,1.0942419713405414,1284.5380955297428,0.8386378799886031,unassigned,False
zrc64_T5250_v095_s2026,64,5250,0.95,2026,5252.257465740641,40.837803360775304,-8.653423697471618,275.5820026397711,28.830944061279297,1.5676892675350387,1.0788679651634805,735.3317863868401,0.6142404179965022,unassigned,False
zrc64_T5250_v100_s17,64,5250,1.0,17,5174.594629089484,31.834468991452717,-8.274157428264617,337.8615398406986,23.707372665405273,1.6215448537358075,1.1086427701828427,807.0485899784401,0.7793873678512433,unassigned,False
zrc64_T5250_v100_s42,64,5250,1.0,42,5200.8046171779415,32.48583319390556,-8.212506355285644,105.41082000732516,26.846202850341797,1.6047556256058866,1.100925192168723,382.1576709606122,0.4671150797589443,unassigned,False
zrc64_T5250_v100_s2026,64,5250,1.0,2026,5308.763128161862,32.8379639945718,-8.197478184223176,29.331817626953693,47.49067687988281,1.5977353687389129,1.0073090222802212,74.00133972687867,0.0387847945385469,unassigned,False
zrc64_T5250_v105_s17,64,5250,1.05,17,5271.328806698753,24.446105082003278,-8.24572327375412,21.700197219848505,26.748863220214844,1.5514834121063257,1.0878281324339243,94.48056996854294,0.11847139439369098,unassigned,False
zrc64_T5250_v105_s42,64,5250,1.05,42,5195.719153769019,23.52470876161948,-8.320809282302857,259.947858810424,33.37616729736328,1.6152255080344633,1.0567694389044935,935.6110736435205,0.6325220608062501,unassigned,False
zrc64_T5250_v105_s2026,64,5250,1.05,2026,5246.645352097371,24.46498064590894,-8.245721024990083,55.609970092774574,27.965625762939453,1.489634296774433,1.086495598712561,165.56681510930002,0.23997217735937884,unassigned,False
zrc64_T6000_v095_s17,64,6000,0.95,17,6007.388884273439,45.45385541369578,-7.989400446891785,59.437032699585224,28.170907974243164,1.5633251024303505,1.093605695681391,73.47434562617396,0.04598892510278265,unassigned,False
zrc64_T6000_v095_s42,64,6000,0.95,42,6054.460145849644,45.73430591703752,-7.991838143825531,77.74886131286607,33.520328521728516,1.4446781493400311,1.067232427599827,121.75100452104519,0.13233727458217553,unassigned,False
zrc64_T6000_v095_s2026,64,6000,0.95,2026,5986.269612393555,45.67668762770518,-7.9982685036659245,57.581243515015146,31.676908493041992,1.530452149883079,1.0651575902163657,181.25013950973386,0.3048337361813257,unassigned,False
zrc64_T6000_v100_s17,64,6000,1.0,17,5950.814506088042,34.92979437453018,-8.09516602897644,22.720983505250203,29.382854461669922,1.5779393502884163,1.0809280123465803,80.17793737059148,0.02272815929679668,unassigned,False
zrc64_T6000_v100_s42,64,6000,1.0,42,6065.430325194595,35.35696349641179,-8.06782042837143,41.867385864257756,32.67144775390625,1.561559292523059,1.069120105470725,70.62742015423356,-0.025109908083187922,unassigned,False
zrc64_T6000_v100_s2026,64,6000,1.0,2026,5995.0646037002625,35.06739352181528,-8.085773084163666,30.88912010192857,27.77683448791504,1.5363629681699453,1.0934833239564803,58.133428596995586,-0.04973743751293316,unassigned,False
zrc64_T6000_v105_s17,64,6000,1.05,17,5983.032140271406,27.124578967116477,-8.106808149337768,38.091373443602805,35.1632194519043,1.5293578930070455,1.0517796134470754,104.13393897241006,0.1706549124446627,unassigned,False
zrc64_T6000_v105_s42,64,6000,1.05,42,5946.014490242528,27.12674580893586,-8.117524330615998,35.03916549682451,30.329559326171875,1.5251381197325413,1.0783976307316114,80.23578341981167,0.04108178804262418,unassigned,False
zrc64_T6000_v105_s2026,64,6000,1.05,2026,5985.503072229601,26.821161893406405,-8.115318273067475,26.154670715332173,28.214752197265625,1.5642654342204967,1.0862473460111461,53.922103917977,0.04557898617162526,unassigned,False
zrc216_T0300_v095_s17,216,300,0.95,17,298.320844588988,15.24061298964633,-9.647307510941117,0.6073540581610359,3.9890475273132324,2.07190622006641,2.9773102712330783,57.95468286821723,0.07655361139545365,unassigned,False
zrc216_T0300_v095_s42,216,300,0.95,42,303.8640141579304,15.2698518936034,-9.646607940108687,1.2542905454289155,4.132701396942139,2.071141721026509,2.9692766617306465,44.64088665667973,0.086909722657253,unassigned,False
zrc216_T0300_v095_s2026,216,300,0.95,2026,302.6512513453226,15.268350245057674,-9.646777021620007,1.165145308883453,4.068971633911133,2.0784193459843276,2.9681907121514404,38.25699722923703,0.03525968207684371,unassigned,False
zrc216_T0300_v100_s17,216,300,1.0,17,298.3530207892181,1.6017779671007695,-9.673618613349067,0.5578568070010448,3.519601345062256,2.092278681875813,3.030565933515083,28.0954676320084,-0.025748649672626033,unassigned,False
zrc216_T0300_v100_s42,216,300,1.0,42,299.26212178699245,1.6006289225520602,-9.673601555153176,1.0764341001152644,3.6524770259857178,2.086230604374318,3.0176594723797048,56.30299389082658,0.03472619687033348,unassigned,False
zrc216_T0300_v100_s2026,216,300,1.0,2026,300.2368487911386,1.6169027105768747,-9.6733974959762,1.1053240740732662,3.4585399627685547,2.0761793527733765,2.9918291042557104,39.376833959137855,0.011965010977442172,unassigned,False
zrc216_T0300_v105_s17,216,300,1.05,17,302.6787056298737,-8.55742652984774,-9.651409538551613,1.1563743308737884,3.2197248935699463,2.0952531051093795,3.025464338819288,74.04822055126756,0.05936178027553882,unassigned,False
zrc216_T0300_v105_s42,216,300,1.05,42,298.8215097013315,-8.575505262928756,-9.651832564742477,0.5272058557590498,3.117687463760376,2.100477540892747,3.0647349239102577,42.61317393225791,0.0009704756468202925,unassigned,False
zrc216_T0300_v105_s2026,216,300,1.05,2026,299.9415811671682,-8.579457640286531,-9.651739186604818,1.2393663194423254,3.252833366394043,2.112770242226923,3.070827557447223,32.46769468597304,0.03715382997924583,unassigned,False
zrc216_T1500_v095_s17,216,1500,0.95,17,1496.0371879727786,21.20862026910762,-9.492865393744575,7.252493399159121,11.046984672546387,1.846000584140635,2.5357272864340987,85.04621206683323,0.13914465090217812,unassigned,False
zrc216_T1500_v095_s42,216,1500,0.95,42,1512.909776279587,21.296521119281678,-9.490700620298032,3.7364728009272596,10.317090034484863,1.8493106586600108,2.576333008563352,65.72422424928183,0.08454564273696959,unassigned,False
zrc216_T1500_v095_s2026,216,1500,0.95,2026,1504.332629762408,21.27168072841291,-9.491980799922237,2.8262283890345685,9.50298023223877,1.834108822390008,2.648068466018942,40.7592980117845,0.0469998568854879,unassigned,False
zrc216_T1500_v100_s17,216,1500,1.0,17,1490.1896608964341,7.631949309776967,-9.521340357462565,2.0990713613997514,9.618659019470215,1.8428123990351961,2.6211878156356527,32.18612397228939,-0.025498589225425885,unassigned,False
zrc216_T1500_v100_s42,216,1500,1.0,42,1491.2845799361185,7.611507072229274,-9.52188532059281,5.0034337926785355,9.682623863220215,1.848637166551338,2.59060786033081,65.68343272073237,0.10276778315258177,unassigned,False
zrc216_T1500_v100_s2026,216,1500,1.0,2026,1498.7821554800978,7.6870092409234765,-9.520419709382233,2.1617589879916466,10.053589820861816,1.8180357955712911,2.660995998534671,32.74638463511332,-0.004854823368368626,unassigned,False
zrc216_T1500_v105_s17,216,1500,1.05,17,1504.4515449869116,-2.35599500742672,-9.499634037724247,2.8772786458333144,10.209470748901367,1.8388833104893398,2.6388185184155426,90.90749289835372,0.11989293216019141,unassigned,False
zrc216_T1500_v105_s42,216,1500,1.05,42,1503.8519025459032,-2.349322266312911,-9.499467330932617,6.067911783855351,9.25022029876709,1.8451949351113281,2.6839767601477607,52.33324528523678,-0.004464900283916736,unassigned,False
zrc216_T1500_v105_s2026,216,1500,1.05,2026,1498.596171082019,-2.426289052431356,-9.500670554267035,3.610833062065666,8.666847229003906,1.8899627921320217,2.548039651663716,48.25646006426012,0.06645490594729703,unassigned,False
zrc216_T3000_v095_s17,216,3000,0.95,17,2995.090047267979,28.227497674645473,-9.292194247775608,8.709309895833073,17.046995162963867,1.7104486329682465,2.004124972182986,77.22985395909957,0.058754293368515974,unassigned,False
zrc216_T3000_v095_s42,216,3000,0.95,42,3020.9043861830382,28.36857616234021,-9.288142051979348,15.623783817998671,15.539414405822754,1.7086413317818643,2.1959934126648446,47.83161862920409,0.06174415393329183,unassigned,False
zrc216_T3000_v095_s2026,216,3000,0.95,2026,3005.07302828358,28.31651726926601,-9.290652865374529,12.839534053094681,15.523283958435059,1.695860427172989,2.292770069493474,52.874647783416975,0.09560994013875578,unassigned,False
zrc216_T3000_v100_s17,216,3000,1.0,17,2993.7247652487085,14.820355253221138,-9.320530514187283,3.4543298791955834,15.49147891998291,1.7066433909058567,2.2750688720611953,47.490292746564116,-0.02546532353071621,unassigned,False
zrc216_T3000_v100_s42,216,3000,1.0,42,2979.4133747401083,14.766830707070826,-9.320469127513745,20.184678819443747,14.289422988891602,1.737667432696411,1.189964670431599,131.5404206162211,0.15262702382802198,unassigned,False
zrc216_T3000_v100_s2026,216,3000,1.0,2026,3003.1616714017628,14.839785634243592,-9.320379088790329,6.026541250722772,16.846643447875977,1.6989415912885273,2.2724590853473954,35.460957045595215,0.014967290009065255,unassigned,False
zrc216_T3000_v105_s17,216,3000,1.05,17,3002.8491551248135,4.949830435441845,-9.300754008540402,13.722902651183588,16.55647087097168,1.6682625935757445,1.3201718823572113,75.98132286923601,0.09642497182932819,unassigned,False
zrc216_T3000_v105_s42,216,3000,1.05,42,2985.7133023840397,5.025345403844341,-9.298413503011068,15.605523003470623,16.506439208984375,1.7156717471429006,1.1778049224351326,81.77618674192898,0.12265354207437244,unassigned,False
zrc216_T3000_v105_s2026,216,3000,1.05,2026,3003.6436636589083,4.887775343156182,-9.301375678168402,11.15891972294314,14.774446487426758,1.7202597249577933,2.1113941166356143,44.61031263415706,0.025209030271367647,unassigned,False
zrc216_T4500_v095_s17,216,4500,0.95,17,4500.54924035155,36.408533780570316,-8.983828973275644,15.712162724248913,28.421876907348633,1.6260935402620742,1.0672602323579994,112.76286232914313,0.19543733415799783,unassigned,False
zrc216_T4500_v095_s42,216,4500,0.95,42,4475.668471109556,35.99578873100016,-9.010400370279948,34.97717963324831,23.507226943969727,1.6127984127777975,1.1078703053379244,156.48996714392695,0.17238980076437035,unassigned,False
zrc216_T4500_v095_s2026,216,4500,0.95,2026,4478.63191171825,36.401373221213966,-8.980960946542245,39.39611590350012,24.829683303833008,1.5546332558578475,1.1076824575843276,193.86955592355673,0.16765846099475656,unassigned,False
zrc216_T4500_v100_s17,216,4500,1.0,17,4519.751417813395,24.356660298255697,-8.983447437427662,29.792206940827626,23.095834732055664,1.6278291713939808,1.0968384730055785,180.95607809932005,0.23436737113114606,unassigned,False
zrc216_T4500_v100_s42,216,4500,1.0,42,4481.4156755186505,24.385519042956844,-8.974411698517976,39.0411173502585,30.221113204956055,1.6627262012184,1.1004665896975394,234.94727346192943,0.21680045970925643,unassigned,False
zrc216_T4500_v100_s2026,216,4500,1.0,2026,4490.416651747029,23.88515032624175,-8.998926908704968,44.85176821108361,26.19167709350586,1.6279440763113686,1.0855583407386458,267.44450156635776,0.19885674393913025,unassigned,False
zrc216_T4500_v105_s17,216,4500,1.05,17,4463.014761818936,15.719480430424731,-8.920801429465964,119.41000479238895,28.042701721191406,1.6394395954469854,1.108173790488992,789.9020089027545,0.6270682606949273,unassigned,False
zrc216_T4500_v105_s42,216,4500,1.05,42,4499.496799369594,17.13463981802294,-8.853442439326534,55.27745677806628,28.312002182006836,1.6526372798137408,1.0662507034942825,436.1210046694328,0.5030393389324713,unassigned,False
zrc216_T4500_v105_s2026,216,4500,1.05,2026,4541.364172449833,16.567502100624274,-8.895897612960251,54.43128571686984,25.916414260864258,1.613912960818374,1.0953092636561512,325.88344614171797,0.3351733659941956,unassigned,False
zrc216_T5250_v095_s17,216,5250,0.95,17,5239.628640226819,42.72463081466649,-8.211346663863571,326.58324517144166,31.190702438354492,1.553546703931206,1.0634142376561173,1139.7550621338764,0.8146409407294517,unassigned,False
zrc216_T5250_v095_s42,216,5250,0.95,42,5201.194529693791,42.57506493230227,-8.16401463204843,82.84034785517669,31.988449096679688,1.5162174553297358,1.0766067062376377,325.7909445842319,0.5027920278975196,unassigned,False
zrc216_T5250_v095_s2026,216,5250,0.95,2026,5209.7817492575405,42.436137297702636,-8.218426468460647,347.0305175781263,35.64860153198242,1.556523944316545,1.0649431704359535,1072.0403575773732,0.8358658037333306,unassigned,False
zrc216_T5250_v100_s17,216,5250,1.0,17,5223.667747799026,32.465336491593135,-8.188736520837853,37.62784152560883,33.1866455078125,1.5887914953859623,1.0628567004675191,128.9951589923921,0.2119443412400158,unassigned,False
zrc216_T5250_v100_s42,216,5250,1.0,42,5220.76296801758,32.41172678812491,-8.20494787315086,19.292369701243928,29.298032760620117,1.5790240306783063,1.0793779903584215,76.6370048520796,0.04973937796828204,unassigned,False
zrc216_T5250_v100_s2026,216,5250,1.0,2026,5233.799384045659,32.8189051508559,-8.188116435298213,19.892948857059167,31.14202117919922,1.5684140344736575,1.0710026698850699,76.28279809255191,0.0744204761742748,unassigned,False
zrc216_T5250_v105_s17,216,5250,1.05,17,5272.279317087494,24.638759854693063,-8.221452682495118,41.8623069480617,31.564250946044922,1.585567822782434,1.0723315830735445,111.62662630243817,0.17855687604860235,unassigned,False
zrc216_T5250_v105_s42,216,5250,1.05,42,5176.953439371301,24.09116771401618,-8.251030438458478,25.059317129629832,38.238983154296875,1.566970565750481,1.0329853265352158,93.80452655783702,0.06493664612381612,unassigned,False
zrc216_T5250_v105_s2026,216,5250,1.05,2026,5253.088834023733,24.51608448276719,-8.223765088681821,30.648812753183208,35.581260681152344,1.557603680251251,1.0506787320913857,118.82364735891022,0.17001437928131224,unassigned,False
zrc216_T6000_v095_s17,216,6000,0.95,17,6031.849006330415,45.79855191588912,-7.993751258002387,18.786168981481666,34.245582580566406,1.488822014342949,1.0554234005062195,61.64702216590133,-0.03447110853133193,unassigned,False
zrc216_T6000_v095_s42,216,6000,0.95,42,5994.170142351628,45.47185197830052,-8.000472325077764,33.08105016637786,35.86201477050781,1.4785434007096965,1.0442396351449201,90.12461184569528,0.07326733836673249,unassigned,False
zrc216_T6000_v095_s2026,216,6000,0.95,2026,6007.3334296301155,45.86428660163283,-7.997692098546912,21.654149938512113,33.68243408203125,1.5341046116650285,1.060521488854318,100.49714205274064,0.11669882949430917,unassigned,False
zrc216_T6000_v100_s17,216,6000,1.0,17,5951.815904839678,35.03648789570649,-8.072580505936234,71.48867232711353,36.71549987792969,1.5428523292394403,1.0499488663734022,592.578872086747,0.38459378999313465,unassigned,False
zrc216_T6000_v100_s42,216,6000,1.0,42,6002.139414734062,35.22705796955474,-8.077653105559172,19.118652343751208,40.665653228759766,1.509852345583223,1.0334314113494556,98.32243078357737,0.13245085739021636,unassigned,False
zrc216_T6000_v100_s2026,216,6000,1.0,2026,5956.338472203267,35.225984309080545,-8.077315393518518,50.7953332971649,35.05376434326172,1.501674494695722,1.055734794619951,153.887431857394,0.2283092823612834,unassigned,False
zrc216_T6000_v105_s17,216,6000,1.05,17,5992.823416122218,27.148235809405406,-8.115297769052011,23.01864963107647,35.63792419433594,1.5117470194594476,1.0427239318853228,108.4165050988386,0.22729940426737402,unassigned,False
zrc216_T6000_v105_s42,216,6000,1.05,42,5974.613626704561,27.008036138498053,-8.116305370189526,17.79347963686284,38.246864318847656,1.542275402509233,1.040449128148506,83.68720202217852,0.09874784076653517,unassigned,False
zrc216_T6000_v105_s2026,216,6000,1.05,2026,5978.060026850277,27.139256811061262,-8.12231147427029,29.71514892578142,36.217735290527344,1.5468085983421387,1.0592160603966134,117.97979764678013,0.1697920199516909,unassigned,False
