array_index	structure_id	kmesh	task_path	target_temperature_K	volume_scale
0	01_zrc64_T0300_v100_s17_f0085	6x6x6	structures/01_zrc64_T0300_v100_s17_f0085/k6	300	1.0
1	01_zrc64_T0300_v100_s17_f0085	7x7x7	structures/01_zrc64_T0300_v100_s17_f0085/k7	300	1.0
2	02_zrc64_T0300_v095_s17_f0165	6x6x6	structures/02_zrc64_T0300_v095_s17_f0165/k6	300	0.95
3	02_zrc64_T0300_v095_s17_f0165	7x7x7	structures/02_zrc64_T0300_v095_s17_f0165/k7	300	0.95
4	03_zrc64_T0300_v105_s17_f0100	6x6x6	structures/03_zrc64_T0300_v105_s17_f0100/k6	300	1.05
5	03_zrc64_T0300_v105_s17_f0100	7x7x7	structures/03_zrc64_T0300_v105_s17_f0100/k7	300	1.05
6	04_zrc64_T1500_v100_s17_f0085	6x6x6	structures/04_zrc64_T1500_v100_s17_f0085/k6	1500	1.0
7	04_zrc64_T1500_v100_s17_f0085	7x7x7	structures/04_zrc64_T1500_v100_s17_f0085/k7	1500	1.0
8	05_zrc64_T1500_v095_s17_f0180	6x6x6	structures/05_zrc64_T1500_v095_s17_f0180/k6	1500	0.95
9	05_zrc64_T1500_v095_s17_f0180	7x7x7	structures/05_zrc64_T1500_v095_s17_f0180/k7	1500	0.95
10	06_zrc64_T1500_v105_s17_f0190	6x6x6	structures/06_zrc64_T1500_v105_s17_f0190/k6	1500	1.05
11	06_zrc64_T1500_v105_s17_f0190	7x7x7	structures/06_zrc64_T1500_v105_s17_f0190/k7	1500	1.05
12	07_zrc64_T3000_v100_s17_f0045	6x6x6	structures/07_zrc64_T3000_v100_s17_f0045/k6	3000	1.0
13	07_zrc64_T3000_v100_s17_f0045	7x7x7	structures/07_zrc64_T3000_v100_s17_f0045/k7	3000	1.0
14	08_zrc64_T3000_v095_s17_f0030	6x6x6	structures/08_zrc64_T3000_v095_s17_f0030/k6	3000	0.95
15	08_zrc64_T3000_v095_s17_f0030	7x7x7	structures/08_zrc64_T3000_v095_s17_f0030/k7	3000	0.95
16	09_zrc64_T3000_v105_s17_f0005	6x6x6	structures/09_zrc64_T3000_v105_s17_f0005/k6	3000	1.05
17	09_zrc64_T3000_v105_s17_f0005	7x7x7	structures/09_zrc64_T3000_v105_s17_f0005/k7	3000	1.05
18	10_zrc64_T4500_v100_s17_f0005	6x6x6	structures/10_zrc64_T4500_v100_s17_f0005/k6	4500	1.0
19	10_zrc64_T4500_v100_s17_f0005	7x7x7	structures/10_zrc64_T4500_v100_s17_f0005/k7	4500	1.0
20	11_zrc64_T4500_v095_s17_f0085	6x6x6	structures/11_zrc64_T4500_v095_s17_f0085/k6	4500	0.95
21	11_zrc64_T4500_v095_s17_f0085	7x7x7	structures/11_zrc64_T4500_v095_s17_f0085/k7	4500	0.95
22	12_zrc64_T4500_v105_s17_f0010	6x6x6	structures/12_zrc64_T4500_v105_s17_f0010/k6	4500	1.05
23	12_zrc64_T4500_v105_s17_f0010	7x7x7	structures/12_zrc64_T4500_v105_s17_f0010/k7	4500	1.05
24	13_zrc64_T5250_v100_s17_f0080	6x6x6	structures/13_zrc64_T5250_v100_s17_f0080/k6	5250	1.0
25	13_zrc64_T5250_v100_s17_f0080	7x7x7	structures/13_zrc64_T5250_v100_s17_f0080/k7	5250	1.0
26	14_zrc64_T5250_v095_s17_f0140	6x6x6	structures/14_zrc64_T5250_v095_s17_f0140/k6	5250	0.95
27	14_zrc64_T5250_v095_s17_f0140	7x7x7	structures/14_zrc64_T5250_v095_s17_f0140/k7	5250	0.95
28	15_zrc64_T5250_v105_s17_f0055	6x6x6	structures/15_zrc64_T5250_v105_s17_f0055/k6	5250	1.05
29	15_zrc64_T5250_v105_s17_f0055	7x7x7	structures/15_zrc64_T5250_v105_s17_f0055/k7	5250	1.05
30	16_zrc64_T6000_v100_s17_f0115	6x6x6	structures/16_zrc64_T6000_v100_s17_f0115/k6	6000	1.0
31	16_zrc64_T6000_v100_s17_f0115	7x7x7	structures/16_zrc64_T6000_v100_s17_f0115/k7	6000	1.0
32	17_zrc64_T6000_v095_s17_f0175	6x6x6	structures/17_zrc64_T6000_v095_s17_f0175/k6	6000	0.95
33	17_zrc64_T6000_v095_s17_f0175	7x7x7	structures/17_zrc64_T6000_v095_s17_f0175/k7	6000	0.95
34	18_zrc64_T6000_v105_s17_f0065	6x6x6	structures/18_zrc64_T6000_v105_s17_f0065/k6	6000	1.05
35	18_zrc64_T6000_v105_s17_f0065	7x7x7	structures/18_zrc64_T6000_v105_s17_f0065/k7	6000	1.05
