job_id,atoms,temperature_K,volume_scale,seed,array_index,status,production_directory_present,reason
zrc216_T0300_v100_s17,216,300,1.0,17,0,not_started,False,216-atom 6000 K restart comparison failed; validation certificate absent
zrc216_T0300_v100_s42,216,300,1.0,42,1,not_started,False,216-atom 6000 K restart comparison failed; validation certificate absent
zrc216_T0300_v100_s2026,216,300,1.0,2026,2,not_started,False,216-atom 6000 K restart comparison failed; validation certificate absent
zrc216_T0300_v095_s17,216,300,0.95,17,3,not_started,False,216-atom 6000 K restart comparison failed; validation certificate absent
zrc216_T0300_v095_s42,216,300,0.95,42,4,not_started,False,216-atom 6000 K restart comparison failed; validation certificate absent
zrc216_T0300_v095_s2026,216,300,0.95,2026,5,not_started,False,216-atom 6000 K restart comparison failed; validation certificate absent
zrc216_T0300_v105_s17,216,300,1.05,17,6,not_started,False,216-atom 6000 K restart comparison failed; validation certificate absent
zrc216_T0300_v105_s42,216,300,1.05,42,7,not_started,False,216-atom 6000 K restart comparison failed; validation certificate absent
zrc216_T0300_v105_s2026,216,300,1.05,2026,8,not_started,False,216-atom 6000 K restart comparison failed; validation certificate absent
zrc216_T1500_v100_s17,216,1500,1.0,17,9,not_started,False,216-atom 6000 K restart comparison failed; validation certificate absent
zrc216_T1500_v100_s42,216,1500,1.0,42,10,not_started,False,216-atom 6000 K restart comparison failed; validation certificate absent
zrc216_T1500_v100_s2026,216,1500,1.0,2026,11,not_started,False,216-atom 6000 K restart comparison failed; validation certificate absent
zrc216_T1500_v095_s17,216,1500,0.95,17,12,not_started,False,216-atom 6000 K restart comparison failed; validation certificate absent
zrc216_T1500_v095_s42,216,1500,0.95,42,13,not_started,False,216-atom 6000 K restart comparison failed; validation certificate absent
zrc216_T1500_v095_s2026,216,1500,0.95,2026,14,not_started,False,216-atom 6000 K restart comparison failed; validation certificate absent
zrc216_T1500_v105_s17,216,1500,1.05,17,15,not_started,False,216-atom 6000 K restart comparison failed; validation certificate absent
zrc216_T1500_v105_s42,216,1500,1.05,42,16,not_started,False,216-atom 6000 K restart comparison failed; validation certificate absent
zrc216_T1500_v105_s2026,216,1500,1.05,2026,17,not_started,False,216-atom 6000 K restart comparison failed; validation certificate absent
zrc216_T3000_v100_s17,216,3000,1.0,17,18,not_started,False,216-atom 6000 K restart comparison failed; validation certificate absent
zrc216_T3000_v100_s42,216,3000,1.0,42,19,not_started,False,216-atom 6000 K restart comparison failed; validation certificate absent
zrc216_T3000_v100_s2026,216,3000,1.0,2026,20,not_started,False,216-atom 6000 K restart comparison failed; validation certificate absent
zrc216_T3000_v095_s17,216,3000,0.95,17,21,not_started,False,216-atom 6000 K restart comparison failed; validation certificate absent
zrc216_T3000_v095_s42,216,3000,0.95,42,22,not_started,False,216-atom 6000 K restart comparison failed; validation certificate absent
zrc216_T3000_v095_s2026,216,3000,0.95,2026,23,not_started,False,216-atom 6000 K restart comparison failed; validation certificate absent
zrc216_T3000_v105_s17,216,3000,1.05,17,24,not_started,False,216-atom 6000 K restart comparison failed; validation certificate absent
zrc216_T3000_v105_s42,216,3000,1.05,42,25,not_started,False,216-atom 6000 K restart comparison failed; validation certificate absent
zrc216_T3000_v105_s2026,216,3000,1.05,2026,26,not_started,False,216-atom 6000 K restart comparison failed; validation certificate absent
zrc216_T4500_v100_s17,216,4500,1.0,17,27,not_started,False,216-atom 6000 K restart comparison failed; validation certificate absent
zrc216_T4500_v100_s42,216,4500,1.0,42,28,not_started,False,216-atom 6000 K restart comparison failed; validation certificate absent
zrc216_T4500_v100_s2026,216,4500,1.0,2026,29,not_started,False,216-atom 6000 K restart comparison failed; validation certificate absent
zrc216_T4500_v095_s17,216,4500,0.95,17,30,not_started,False,216-atom 6000 K restart comparison failed; validation certificate absent
zrc216_T4500_v095_s42,216,4500,0.95,42,31,not_started,False,216-atom 6000 K restart comparison failed; validation certificate absent
zrc216_T4500_v095_s2026,216,4500,0.95,2026,32,not_started,False,216-atom 6000 K restart comparison failed; validation certificate absent
zrc216_T4500_v105_s17,216,4500,1.05,17,33,not_started,False,216-atom 6000 K restart comparison failed; validation certificate absent
zrc216_T4500_v105_s42,216,4500,1.05,42,34,not_started,False,216-atom 6000 K restart comparison failed; validation certificate absent
zrc216_T4500_v105_s2026,216,4500,1.05,2026,35,not_started,False,216-atom 6000 K restart comparison failed; validation certificate absent
zrc216_T5250_v100_s17,216,5250,1.0,17,36,not_started,False,216-atom 6000 K restart comparison failed; validation certificate absent
zrc216_T5250_v100_s42,216,5250,1.0,42,37,not_started,False,216-atom 6000 K restart comparison failed; validation certificate absent
zrc216_T5250_v100_s2026,216,5250,1.0,2026,38,not_started,False,216-atom 6000 K restart comparison failed; validation certificate absent
zrc216_T5250_v095_s17,216,5250,0.95,17,39,not_started,False,216-atom 6000 K restart comparison failed; validation certificate absent
zrc216_T5250_v095_s42,216,5250,0.95,42,40,not_started,False,216-atom 6000 K restart comparison failed; validation certificate absent
zrc216_T5250_v095_s2026,216,5250,0.95,2026,41,not_started,False,216-atom 6000 K restart comparison failed; validation certificate absent
zrc216_T5250_v105_s17,216,5250,1.05,17,42,not_started,False,216-atom 6000 K restart comparison failed; validation certificate absent
zrc216_T5250_v105_s42,216,5250,1.05,42,43,not_started,False,216-atom 6000 K restart comparison failed; validation certificate absent
zrc216_T5250_v105_s2026,216,5250,1.05,2026,44,not_started,False,216-atom 6000 K restart comparison failed; validation certificate absent
zrc216_T6000_v100_s17,216,6000,1.0,17,45,not_started,False,216-atom 6000 K restart comparison failed; validation certificate absent
zrc216_T6000_v100_s42,216,6000,1.0,42,46,not_started,False,216-atom 6000 K restart comparison failed; validation certificate absent
zrc216_T6000_v100_s2026,216,6000,1.0,2026,47,not_started,False,216-atom 6000 K restart comparison failed; validation certificate absent
zrc216_T6000_v095_s17,216,6000,0.95,17,48,not_started,False,216-atom 6000 K restart comparison failed; validation certificate absent
zrc216_T6000_v095_s42,216,6000,0.95,42,49,not_started,False,216-atom 6000 K restart comparison failed; validation certificate absent
zrc216_T6000_v095_s2026,216,6000,0.95,2026,50,not_started,False,216-atom 6000 K restart comparison failed; validation certificate absent
zrc216_T6000_v105_s17,216,6000,1.05,17,51,not_started,False,216-atom 6000 K restart comparison failed; validation certificate absent
zrc216_T6000_v105_s42,216,6000,1.05,42,52,not_started,False,216-atom 6000 K restart comparison failed; validation certificate absent
zrc216_T6000_v105_s2026,216,6000,1.05,2026,53,not_started,False,216-atom 6000 K restart comparison failed; validation certificate absent
